"Daily","Daily Storage (Selected Period)"
"2010-01-01",6.17
"2010-01-02",6.17
"2010-01-03",6.15
"2010-01-04",6.14
"2010-01-05",6.12
"2010-01-06",6.11
"2010-01-07",6.1
"2010-01-08",6.08
"2010-01-09",6.08
"2010-01-10",6.07
"2010-01-11",6.05
"2010-01-12",6.05
"2010-01-13",6.02
"2010-01-14",6.01
"2010-01-15",6
"2010-01-16",5.98
"2010-01-17",5.96
"2010-01-18",5.93
"2010-01-19",5.93
"2010-01-20",5.91
"2010-01-21",5.89
"2010-01-22",5.88
"2010-01-23",5.85
"2010-01-24",5.84
"2010-01-25",5.83
"2010-01-26",5.81
"2010-01-27",5.8
"2010-01-28",5.78
"2010-01-29",5.76
"2010-01-30",5.74
"2010-01-31",5.74
"2010-02-01",5.7
"2010-02-02",5.68
"2010-02-03",5.66
"2010-02-04",5.64
"2010-02-05",5.61
"2010-02-06",5.57
"2010-02-07",5.54
"2010-02-08",5.52
"2010-02-09",5.5
"2010-02-10",5.48
"2010-02-11",5.6
"2010-02-12",5.42
"2010-02-13",5.39
"2010-02-14",5.36
"2010-02-15",5.34
"2010-02-16",5.31
"2010-02-17",5.29
"2010-02-18",5.26
"2010-02-19",5.2
"2010-02-20",5.19
"2010-02-21",5.17
"2010-02-22",5.15
"2010-02-23",5.13
"2010-02-24",5.11
"2010-02-25",5.1
"2010-02-26",5.08
"2010-02-27",5.06
"2010-02-28",5.04
"2010-03-01",5.01
"2010-03-02",5
"2010-03-03",4.98
"2010-03-04",4.98
"2010-03-05",4.92
"2010-03-06",4.87
"2010-03-07",4.85
"2010-03-08",4.84
"2010-03-09",4.8
"2010-03-10",4.76
"2010-03-11",4.73
"2010-03-12",4.69
"2010-03-13",4.66
"2010-03-14",4.62
"2010-03-15",4.59
"2010-03-16",4.55
"2010-03-17",4.52
"2010-03-18",4.49
"2010-03-19",4.54
"2010-03-20",4.42
"2010-03-21",4.38
"2010-03-22",4.35
"2010-03-23",4.31
"2010-03-24",4.26
"2010-03-25",4.21
"2010-03-26",4.17
"2010-03-27",4.14
"2010-03-28",4.1
"2010-03-29",4.07
"2010-03-30",4.04
"2010-03-31",4.01
"2010-04-01",3.98
"2010-04-02",3.94
"2010-04-03",3.91
"2010-04-04",3.88
"2010-04-05",3.56
"2010-04-06",3.83
"2010-04-07",3.8
"2010-04-08",3.76
"2010-04-09",3.76
"2010-04-10",3.75
"2010-04-11",3.65
"2010-04-12",3.61
"2010-04-13",3.59
"2010-04-14",3.55
"2010-04-15",3.59
"2010-04-16",3.49
"2010-04-17",3.45
"2010-04-18",3.42
"2010-04-19",3.44
"2010-04-20",3.43
"2010-04-21",3.32
"2010-04-22",3.28
"2010-04-23",3.26
"2010-04-24",3.23
"2010-04-25",3.19
"2010-04-26",3.16
"2010-04-27",3.13
"2010-04-28",3.09
"2010-04-29",3.04
"2010-04-30",2.98
"2010-05-01",2.94
"2010-05-02",3
"2010-05-03",2.87
"2010-05-04",2.8
"2010-05-05",2.76
"2010-05-06",2.68
"2010-05-07",2.67
"2010-05-08",2.63
"2010-05-09",2.6
"2010-05-10",2.56
"2010-05-11",2.55
"2010-05-12",2.5
"2010-05-13",2.48
"2010-05-14",2.46
"2010-05-15",2.44
"2010-05-16",2.42
"2010-05-17",2.39
"2010-05-18",2.37
"2010-05-19",2.33
"2010-05-20",2.31
"2010-05-21",2.28
"2010-05-22",2.27
"2010-05-23",2.22
"2010-05-24",2.22
"2010-05-25",2.22
"2010-05-26",2.22
"2010-05-27",2.21
"2010-05-28",2.21
"2010-05-29",2.21
"2010-05-30",2.2
"2010-05-31",2.2
"2010-06-01",1.9
"2010-06-02",1.9
"2010-06-03",1.89
"2010-06-04",1.89
"2010-06-05",1.89
"2010-06-06",1.88
"2010-06-07",1.88
"2010-06-08",1.88
"2010-06-09",1.87
"2010-06-10",1.87
"2010-06-11",1.86
"2010-06-12",1.86
"2010-06-13",1.86
"2010-06-14",1.86
"2010-06-15",1.57
"2010-06-16",1.55
"2010-06-17",1.53
"2010-06-18",1.52
"2010-06-19",1.52
"2010-06-20",1.47
"2010-06-21",1.44
"2010-06-22",1.42
"2010-06-23",1.4
"2010-06-24",1.4
"2010-06-25",1.4
"2010-06-26",1.4
"2010-06-27",1.39
"2010-06-28",1.45
"2010-06-29",1.45
"2010-06-30",1.44
"2010-07-01",1.44
"2010-07-02",1.44
"2010-07-03",1.44
"2010-07-04",1.45
"2010-07-05",1.45
"2010-07-06",1.44
"2010-07-07",1.45
"2010-07-08",1.45
"2010-07-09",1.45
"2010-07-10",1.45
"2010-07-11",1.52
"2010-07-12",1.6
"2010-07-13",1.66
"2010-07-14",1.67
"2010-07-15",1.72
"2010-07-16",1.84
"2010-07-17",1.85
"2010-07-18",1.85
"2010-07-19",2.23
"2010-07-20",2.19
"2010-07-21",2.19
"2010-07-22",2.23
"2010-07-23",2.24
"2010-07-24",2.24
"2010-07-25",2.32
"2010-07-26",2.39
"2010-07-27",3.34
"2010-07-28",3.37
"2010-07-29",3.41
"2010-07-30",3.42
"2010-07-31",3.44
"2010-08-01",4.12
"2010-08-02",4.13
"2010-08-03",4.17
"2010-08-04",4.23
"2010-08-05",4.24
"2010-08-06",4.33
"2010-08-07",4.54
"2010-08-08",4.64
"2010-08-09",4.65
"2010-08-10",4.07
"2010-08-11",4.08
"2010-08-12",4.08
"2010-08-13",4.08
"2010-08-14",4.09
"2010-08-15",4.1
"2010-08-16",4.08
"2010-08-17",4.08
"2010-08-18",4.07
"2010-08-19",4.08
"2010-08-20",4.11
"2010-08-21",4.14
"2010-08-22",4.17
"2010-08-23",4.18
"2010-08-24",4.85
"2010-08-25",4.86
"2010-08-26",4.86
"2010-08-27",4.85
"2010-08-28",4.84
"2010-08-29",5.13
"2010-08-30",5.13
"2010-08-31",5.14
"2010-09-01",5.13
"2010-09-02",5.14
"2010-09-03",5.24
"2010-09-04",5.36
"2010-09-05",5.5
"2010-09-06",5.65
"2010-09-07",5.85
"2010-09-08",5.93
"2010-09-09",6.41
"2010-09-10",6.87
"2010-09-11",7.28
"2010-09-12",7.51
"2010-09-13",7.57
"2010-09-14",7.68
"2010-09-15",7.7
"2010-09-16",7.71
"2010-09-17",7.73
"2010-09-18",7.76
"2010-09-19",7.79
"2010-09-20",7.85
"2010-09-21",7.91
"2010-09-22",7.93
"2010-09-23",7.94
"2010-09-24",7.94
"2010-09-25",7.93
"2010-09-26",7.93
"2010-09-27",7.92
"2010-09-28",8.13
"2010-09-29",8.12
"2010-09-30",8.11
"2010-10-01",7.88
"2010-10-02",7.86
"2010-10-03",7.84
"2010-10-04",7.81
"2010-10-05",7.78
"2010-10-06",7.75
"2010-10-07",7.75
"2010-10-08",7.74
"2010-10-09",7.71
"2010-10-10",7.69
"2010-10-11",7.67
"2010-10-12",7.64
"2010-10-13",7.56
"2010-10-14",7.53
"2010-10-15",7.5
"2010-10-16",7.47
"2010-10-17",7.46
"2010-10-18",7.23
"2010-10-19",7.22
"2010-10-20",7.21
"2010-10-21",7.2
"2010-10-22",7.19
"2010-10-23",7.19
"2010-10-24",7.21
"2010-10-25",7.21
"2010-10-26",7.21
"2010-10-27",7.4
"2010-10-28",7.39
"2010-10-29",7.39
"2010-10-30",7.39
"2010-10-31",7.39
"2010-11-01",7.47
"2010-11-02",7.47
"2010-11-03",7.47
"2010-11-04",7.47
"2010-11-05",7.47
"2010-11-06",7.47
"2010-11-07",7.49
"2010-11-08",7.49
"2010-11-09",7.5
"2010-11-10",7.51
"2010-11-11",7.51
"2010-11-12",7.51
"2010-11-13",7.51
"2010-11-14",7.51
"2010-11-15",7.53
"2010-11-16",7.54
"2010-11-17",7.54
"2010-11-18",7.54
"2010-11-19",7.61
"2010-11-20",7.54
"2010-11-21",7.61
"2010-11-22",7.61
"2010-11-23",7.54
"2010-11-24",7.53
"2010-11-25",7.53
"2010-11-26",7.52
"2010-11-27",7.52
"2010-11-28",7.52
"2010-11-29",7.51
"2010-11-30",7.51
"2010-12-01",7.5
"2010-12-02",7.49
"2010-12-03",7.44
"2010-12-04",7.47
"2010-12-05",7.46
"2010-12-06",7.46
"2010-12-07",7.44
"2010-12-08",7.44
"2010-12-09",7.44
"2010-12-10",7.44
"2010-12-11",7.44
"2010-12-12",7.44
"2010-12-13",7.45
"2010-12-14",7.46
"2010-12-15",7.46
"2010-12-16",7.46
"2010-12-17",7.46
"2010-12-18",7.46
"2010-12-19",7.46
"2010-12-20",7.45
"2010-12-21",7.49
"2010-12-22",7.49
"2010-12-23",7.4
"2010-12-24",7.4
"2010-12-25",7.4
"2010-12-26",7.39
"2010-12-27",7.4
"2010-12-28",7.39
"2010-12-29",7.39
"2010-12-30",7.39
"2010-12-31",7.39
"2011-01-01",7.27
"2011-01-02",7.27
"2011-01-03",7.27
"2011-01-04",7.27
"2011-01-05",7.27
"2011-01-06",7.27
"2011-01-07",7.27
"2011-01-08",7.27
"2011-01-09",7.27
"2011-01-10",7.26
"2011-01-11",7.08
"2011-01-12",7.08
"2011-01-13",7.08
"2011-01-14",7.07
"2011-01-15",7.07
"2011-01-16",7.06
"2011-01-17",7.06
"2011-01-18",6.9
"2011-01-19",6.89
"2011-01-20",6.88
"2011-01-21",6.87
"2011-01-22",6.87
"2011-01-23",6.87
"2011-01-24",6.72
"2011-01-25",6.71
"2011-01-26",6.7
"2011-01-27",6.69
"2011-01-28",6.68
"2011-01-29",6.67
"2011-01-30",6.66
"2011-01-31",6.65
"2011-02-01",6.48
"2011-02-02",6.47
"2011-02-03",6.46
"2011-02-04",6.45
"2011-02-05",6.45
"2011-02-06",6.44
"2011-02-07",6.43
"2011-02-08",6.26
"2011-02-09",6.25
"2011-02-10",6.25
"2011-02-11",6.25
"2011-02-12",6.24
"2011-02-13",6.24
"2011-02-14",6.09
"2011-02-15",6.08
"2011-02-16",6.08
"2011-02-17",6.08
"2011-02-18",6.08
"2011-02-19",6.07
"2011-02-20",6.07
"2011-02-21",6.06
"2011-02-22",5.88
"2011-02-23",5.88
"2011-02-24",5.87
"2011-02-25",5.86
"2011-02-26",5.86
"2011-02-27",5.85
"2011-02-28",5.69
"2011-03-01",5.53
"2011-03-02",5.52
"2011-03-03",5.51
"2011-03-04",5.5
"2011-03-05",5.49
"2011-03-06",5.48
"2011-03-07",5.48
"2011-03-08",5.47
"2011-03-09",5.46
"2011-03-10",5.45
"2011-03-11",5.45
"2011-03-12",5.44
"2011-03-13",5.43
"2011-03-14",5.43
"2011-03-15",5.22
"2011-03-16",5.21
"2011-03-17",5.2
"2011-03-18",5.19
"2011-03-19",5.19
"2011-03-20",5.18
"2011-03-21",5.17
"2011-03-22",4.9
"2011-03-23",4.89
"2011-03-24",4.88
"2011-03-25",4.87
"2011-03-26",4.86
"2011-03-27",4.85
"2011-03-28",4.84
"2011-03-29",4.73
"2011-03-30",4.73
"2011-03-31",4.72
"2011-04-01",4.36
"2011-04-02",4.35
"2011-04-03",4.34
"2011-04-04",4.33
"2011-04-05",4.32
"2011-04-06",4.31
"2011-04-07",4.22
"2011-04-08",4.21
"2011-04-09",4.2
"2011-04-10",4.19
"2011-04-11",4.18
"2011-04-12",4.18
"2011-04-13",4.16
"2011-04-14",4.16
"2011-04-15",4.15
"2011-04-16",4.14
"2011-04-17",4.13
"2011-04-18",4.13
"2011-04-19",3.56
"2011-04-20",3.55
"2011-04-21",3.54
"2011-04-22",3.54
"2011-04-23",3.54
"2011-04-24",3.54
"2011-04-25",3.4
"2011-04-26",3.41
"2011-04-27",3.41
"2011-04-28",3.41
"2011-04-29",3.41
"2011-04-30",3.41
"2011-05-01",3.22
"2011-05-02",3.22
"2011-05-03",3.22
"2011-05-04",3.22
"2011-05-05",3.22
"2011-05-06",3.22
"2011-05-07",3.21
"2011-05-08",3.21
"2011-05-09",3.01
"2011-05-10",3
"2011-05-11",3
"2011-05-12",2.99
"2011-05-13",2.99
"2011-05-14",2.98
"2011-05-15",2.97
"2011-05-16",2.96
"2011-05-17",2.7
"2011-05-18",2.69
"2011-05-19",2.69
"2011-05-20",2.68
"2011-05-21",2.68
"2011-05-22",2.67
"2011-05-23",2.67
"2011-05-24",2.51
"2011-05-25",2.5
"2011-05-26",2.49
"2011-05-27",2.49
"2011-05-28",2.49
"2011-05-29",2.48
"2011-05-30",2.48
"2011-05-31",2.47
"2011-06-01",2.31
"2011-06-02",2.28
"2011-06-03",2.25
"2011-06-04",2.27
"2011-06-05",2.2
"2011-06-06",2.19
"2011-06-07",2.17
"2011-06-08",2.16
"2011-06-09",2.14
"2011-06-10",2.13
"2011-06-11",2.12
"2011-06-12",2.1
"2011-06-13",2.09
"2011-06-14",2.05
"2011-06-15",2.01
"2011-06-16",1.97
"2011-06-17",1.92
"2011-06-18",1.88
"2011-06-19",1.85
"2011-06-20",1.81
"2011-06-21",1.86
"2011-06-22",1.89
"2011-06-23",1.91
"2011-06-24",1.92
"2011-06-25",1.92
"2011-06-26",1.92
"2011-06-27",1.94
"2011-06-28",1.96
"2011-06-29",2.05
"2011-06-30",2.1
"2011-07-01",2.11
"2011-07-02",2.11
"2011-07-03",2.12
"2011-07-04",2.12
"2011-07-05",2.09
"2011-07-06",2.09
"2011-07-07",2.09
"2011-07-08",2.1
"2011-07-09",2.11
"2011-07-10",2.12
"2011-07-11",2.12
"2011-07-12",2.14
"2011-07-13",2.06
"2011-07-14",2.07
"2011-07-15",2.08
"2011-07-16",2.09
"2011-07-17",2.1
"2011-07-18",2.12
"2011-07-19",2.14
"2011-07-20",2.37
"2011-07-21",2.57
"2011-07-22",2.82
"2011-07-23",3.14
"2011-07-24",3.35
"2011-07-25",3.53
"2011-07-26",3.72
"2011-07-27",3.89
"2011-07-28",3.88
"2011-07-29",3.86
"2011-07-30",3.86
"2011-07-31",3.89
"2011-08-01",3.74
"2011-08-02",3.73
"2011-08-03",3.71
"2011-08-04",3.71
"2011-08-05",3.73
"2011-08-06",3.74
"2011-08-07",3.87
"2011-08-08",4.23
"2011-08-09",4.29
"2011-08-10",4.8
"2011-08-11",4.88
"2011-08-12",4.95
"2011-08-13",5.06
"2011-08-14",5.18
"2011-08-15",5.25
"2011-08-16",5.31
"2011-08-17",6.45
"2011-08-18",6.47
"2011-08-19",6.47
"2011-08-20",6.49
"2011-08-21",6.51
"2011-08-22",6.52
"2011-08-23",6.52
"2011-08-24",7.12
"2011-08-25",7.14
"2011-08-26",7.15
"2011-08-27",7.18
"2011-08-28",7.2
"2011-08-29",7.21
"2011-08-30",7.24
"2011-08-31",7.3
"2011-09-01",7.32
"2011-09-02",7.38
"2011-09-03",7.44
"2011-09-04",7.57
"2011-09-05",7.6
"2011-09-06",8.02
"2011-09-07",8.14
"2011-09-08",8.24
"2011-09-09",8.27
"2011-09-10",8.29
"2011-09-11",8.26
"2011-09-12",8.31
"2011-09-13",8.34
"2011-09-14",8.35
"2011-09-15",8.38
"2011-09-16",8.38
"2011-09-17",8.38
"2011-09-18",8.39
"2011-09-19",8.41
"2011-09-20",8.42
"2011-09-21",9.06
"2011-09-22",9.08
"2011-09-23",9.09
"2011-09-24",9.11
"2011-09-25",9.17
"2011-09-26",9.18
"2011-09-27",9.4
"2011-09-28",9.42
"2011-09-29",9.42
"2011-09-30",9.4
"2011-10-01",9.39
"2011-10-02",9.37
"2011-10-03",9.34
"2011-10-04",9.31
"2011-10-05",9.29
"2011-10-06",9.26
"2011-10-07",9.23
"2011-10-08",9.2
"2011-10-09",9.17
"2011-10-10",9.14
"2011-10-11",9
"2011-10-12",8.94
"2011-10-13",8.91
"2011-10-14",8.88
"2011-10-15",8.85
"2011-10-16",8.82
"2011-10-17",8.8
"2011-10-18",8.77
"2011-10-19",8.6
"2011-10-20",8.57
"2011-10-21",8.54
"2011-10-22",8.51
"2011-10-23",8.48
"2011-10-24",8.41
"2011-10-25",8.38
"2011-10-26",8.37
"2011-10-27",8.34
"2011-10-28",8.26
"2011-10-29",8.24
"2011-10-30",8.2
"2011-10-31",8.19
"2011-11-01",8.18
"2011-11-02",8.17
"2011-11-03",8.17
"2011-11-04",8.16
"2011-11-05",8.16
"2011-11-06",8.16
"2011-11-07",8.12
"2011-11-08",8.12
"2011-11-09",8.12
"2011-11-10",8.12
"2011-11-11",8.12
"2011-11-12",8.12
"2011-11-13",8.11
"2011-11-14",8.01
"2011-11-15",8
"2011-11-16",8
"2011-11-17",8
"2011-11-18",8
"2011-11-19",8
"2011-11-20",7.95
"2011-11-21",7.95
"2011-11-22",7.94
"2011-11-23",7.94
"2011-11-24",7.94
"2011-11-25",7.94
"2011-11-26",7.94
"2011-11-27",7.85
"2011-11-28",7.85
"2011-11-29",7.85
"2011-11-30",7.85
"2011-12-01",7.85
"2011-12-02",7.85
"2011-12-03",7.85
"2011-12-04",7.84
"2011-12-05",7.84
"2011-12-06",7.83
"2011-12-07",7.83
"2011-12-08",7.67
"2011-12-09",7.67
"2011-12-10",7.67
"2011-12-11",7.67
"2011-12-12",7.67
"2011-12-13",7.67
"2011-12-14",7.67
"2011-12-15",7.66
"2011-12-16",7.66
"2011-12-17",7.66
"2011-12-18",7.53
"2011-12-19",7.53
"2011-12-20",7.52
"2011-12-21",7.53
"2011-12-22",7.53
"2011-12-23",7.53
"2011-12-24",7.53
"2011-12-25",7.52
"2011-12-26",7.52
"2011-12-27",7.39
"2011-12-28",7.39
"2011-12-29",7.38
"2011-12-30",7.38
"2011-12-31",7.38
"2012-01-01",8.38
"2012-01-02",8.36
"2012-01-03",8.36
"2012-01-04",8.36
"2012-01-05",8.36
"2012-01-06",8.37
"2012-01-07",8.37
"2012-01-08",8.37
"2012-01-09",7.1
"2012-01-10",7.1
"2012-01-11",7.09
"2012-01-12",7.09
"2012-01-13",7.09
"2012-01-14",7.08
"2012-01-15",7.08
"2012-01-16",6.98
"2012-01-17",6.97
"2012-01-18",6.97
"2012-01-19",6.96
"2012-01-20",6.95
"2012-01-21",6.93
"2012-01-22",6.93
"2012-01-23",6.79
"2012-01-24",6.79
"2012-01-25",6.79
"2012-01-26",6.65
"2012-01-27",6.66
"2012-01-28",6.65
"2012-01-29",6.64
"2012-01-30",6.64
"2012-01-31",6.54
"2012-02-01",6.53
"2012-02-02",6.53
"2012-02-03",6.53
"2012-02-04",6.53
"2012-02-05",6.52
"2012-02-06",6.52
"2012-02-07",6.52
"2012-02-08",6.51
"2012-02-09",6.5
"2012-02-10",6.5
"2012-02-11",6.49
"2012-02-12",6.48
"2012-02-13",6.28
"2012-02-14",6.27
"2012-02-15",6.22
"2012-02-16",6.21
"2012-02-17",6.2
"2012-02-18",6.21
"2012-02-19",6.21
"2012-02-20",6.12
"2012-02-21",6.1
"2012-02-22",6.1
"2012-02-23",6.06
"2012-02-24",6.05
"2012-02-25",6.04
"2012-02-26",6.04
"2012-02-27",5.95
"2012-02-28",5.95
"2012-02-29",5.94
"2012-03-01",5.94
"2012-03-02",5.94
"2012-03-03",5.94
"2012-03-04",5.92
"2012-03-05",5.92
"2012-03-06",5.91
"2012-03-07",5.91
"2012-03-08",5.9
"2012-03-09",5.89
"2012-03-10",5.88
"2012-03-11",5.88
"2012-03-12",5.87
"2012-03-13",5.86
"2012-03-14",5.86
"2012-03-15",5.85
"2012-03-16",5.84
"2012-03-17",5.83
"2012-03-18",5.81
"2012-03-19",5.82
"2012-03-20",5.27
"2012-03-21",5.26
"2012-03-22",5.2
"2012-03-23",5.2
"2012-03-24",5.19
"2012-03-25",5.18
"2012-03-26",5.17
"2012-03-27",5.04
"2012-03-28",5.01
"2012-03-29",5.01
"2012-03-30",5.01
"2012-03-31",4.93
"2012-04-01",4.91
"2012-04-02",4.91
"2012-04-03",4.91
"2012-04-04",4.91
"2012-04-05",4.85
"2012-04-06",4.84
"2012-04-07",4.83
"2012-04-08",4.82
"2012-04-09",4.81
"2012-04-10",4.8
"2012-04-11",4.79
"2012-04-12",4.54
"2012-04-13",4.53
"2012-04-14",4.52
"2012-04-15",4.51
"2012-04-16",4.5
"2012-04-17",4.49
"2012-04-18",4.3
"2012-04-19",4.28
"2012-04-20",4.27
"2012-04-21",4.25
"2012-04-22",4.24
"2012-04-23",4.22
"2012-04-24",4.21
"2012-04-25",4.2
"2012-04-26",4.18
"2012-04-27",4.17
"2012-04-28",4.15
"2012-04-29",4.14
"2012-04-30",4.12
"2012-05-01",4.1
"2012-05-02",4.09
"2012-05-03",4.07
"2012-05-04",4.05
"2012-05-05",4.03
"2012-05-06",4.02
"2012-05-07",4
"2012-05-08",3.99
"2012-05-09",3.97
"2012-05-10",3.98
"2012-05-11",3.97
"2012-05-12",3.97
"2012-05-13",3.96
"2012-05-14",3.96
"2012-05-15",3.96
"2012-05-16",3.15
"2012-05-17",3.12
"2012-05-18",3.12
"2012-05-19",3.11
"2012-05-20",3.12
"2012-05-21",3.12
"2012-05-22",3.05
"2012-05-23",3.05
"2012-05-24",3.06
"2012-05-25",3.06
"2012-05-26",3.06
"2012-05-27",3.06
"2012-05-28",2.95
"2012-05-29",2.95
"2012-05-30",2.95
"2012-05-31",2.95
"2012-06-01",2.95
"2012-06-02",2.94
"2012-06-03",2.94
"2012-06-04",2.93
"2012-06-05",2.79
"2012-06-06",2.75
"2012-06-07",2.75
"2012-06-08",2.75
"2012-06-09",2.74
"2012-06-10",2.74
"2012-06-11",2.74
"2012-06-12",2.73
"2012-06-13",2.73
"2012-06-14",2.76
"2012-06-15",2.79
"2012-06-16",2.83
"2012-06-17",2.86
"2012-06-18",2.61
"2012-06-19",2.61
"2012-06-20",2.65
"2012-06-21",2.69
"2012-06-22",2.72
"2012-06-23",2.75
"2012-06-24",2.89
"2012-06-25",2.93
"2012-06-26",3.02
"2012-06-27",2.92
"2012-06-28",2.81
"2012-06-29",2.71
"2012-06-30",2.6
"2012-07-01",2.6
"2012-07-02",2.6
"2012-07-03",2.6
"2012-07-04",2.41
"2012-07-05",2.32
"2012-07-06",2.32
"2012-07-07",2.32
"2012-07-08",2.33
"2012-07-09",2.34
"2012-07-10",2.38
"2012-07-11",2.54
"2012-07-12",2.55
"2012-07-13",2.56
"2012-07-14",2.56
"2012-07-15",2.58
"2012-07-16",2.61
"2012-07-17",2.64
"2012-07-18",2.76
"2012-07-19",2.9
"2012-07-20",3.05
"2012-07-21",3.24
"2012-07-22",3.42
"2012-07-23",3.6
"2012-07-24",3.76
"2012-07-25",3.99
"2012-07-26",4.02
"2012-07-27",4.05
"2012-07-28",4.08
"2012-07-29",4.1
"2012-07-30",4.12
"2012-07-31",4.15
"2012-08-01",4.27
"2012-08-02",4.3
"2012-08-03",4.31
"2012-08-04",4.35
"2012-08-05",3.57
"2012-08-06",3.64
"2012-08-07",5.59
"2012-08-08",5.53
"2012-08-09",5.57
"2012-08-10",5.61
"2012-08-11",5.66
"2012-08-12",5.7
"2012-08-13",5.71
"2012-08-14",5.72
"2012-08-15",5.54
"2012-08-16",5.54
"2012-08-17",5.55
"2012-08-18",5.57
"2012-08-19",5.62
"2012-08-20",5.65
"2012-08-21",5.68
"2012-08-22",6.69
"2012-08-23",7.2
"2012-08-24",7.22
"2012-08-25",7.21
"2012-08-26",7.23
"2012-08-27",7.26
"2012-08-28",7.3
"2012-08-29",7.31
"2012-08-30",7.33
"2012-08-31",7.33
"2012-09-01",7.33
"2012-09-02",7.34
"2012-09-03",7.35
"2012-09-04",7.36
"2012-09-05",7.96
"2012-09-06",7.95
"2012-09-07",7.96
"2012-09-08",7.97
"2012-09-09",7.97
"2012-09-10",7.99
"2012-09-11",8.04
"2012-09-12",8.05
"2012-09-13",8.21
"2012-09-14",8.21
"2012-09-15",8.2
"2012-09-16",8.19
"2012-09-17",8.18
"2012-09-18",8.18
"2012-09-19",8.75
"2012-09-20",8.75
"2012-09-21",8.75
"2012-09-22",8.76
"2012-09-23",8.77
"2012-09-24",8.78
"2012-09-25",8.85
"2012-09-26",9.02
"2012-09-27",9
"2012-09-28",8.98
"2012-09-29",8.96
"2012-09-30",8.95
"2012-10-01",8.93
"2012-10-02",8.91
"2012-10-03",8.89
"2012-10-04",8.88
"2012-10-05",8.86
"2012-10-06",8.84
"2012-10-07",8.82
"2012-10-08",8.79
"2012-10-09",8.77
"2012-10-10",8.74
"2012-10-11",8.71
"2012-10-12",8.69
"2012-10-13",8.67
"2012-10-14",8.64
"2012-10-15",8.62
"2012-10-16",8.56
"2012-10-17",8.51
"2012-10-18",8.49
"2012-10-19",8.47
"2012-10-20",8.45
"2012-10-21",8.43
"2012-10-22",8.41
"2012-10-23",8.38
"2012-10-24",8.33
"2012-10-25",8.31
"2012-10-26",8.3
"2012-10-27",8.29
"2012-10-28",8.28
"2012-10-29",8.28
"2012-10-30",8.27
"2012-10-31",8.36
"2012-11-01",8.35
"2012-11-02",8.35
"2012-11-03",8.35
"2012-11-04",8.36
"2012-11-05",8.36
"2012-11-06",8.37
"2012-11-07",8.29
"2012-11-08",8.31
"2012-11-09",8.3
"2012-11-10",8.3
"2012-11-11",8.3
"2012-11-12",8.3
"2012-11-13",8.32
"2012-11-14",8.32
"2012-11-15",8.32
"2012-11-16",8.32
"2012-11-17",8.32
"2012-11-18",8.32
"2012-11-19",8.32
"2012-11-20",8.32
"2012-11-21",8.32
"2012-11-22",8.32
"2012-11-23",8.32
"2012-11-24",8.32
"2012-11-25",8.32
"2012-11-26",8.31
"2012-11-27",8.31
"2012-11-28",8.33
"2012-11-29",8.31
"2012-11-30",8.31
"2012-12-01",8.31
"2012-12-02",8.31
"2012-12-03",8.31
"2012-12-04",8.3
"2012-12-05",8.3
"2012-12-06",8.28
"2012-12-07",8.28
"2012-12-08",8.28
"2012-12-09",8.28
"2012-12-10",8.28
"2012-12-11",8.28
"2012-12-12",8.28
"2012-12-13",8.28
"2012-12-14",8.28
"2012-12-15",8.28
"2012-12-16",8.28
"2012-12-17",8.28
"2012-12-18",8.27
"2012-12-19",8.2
"2012-12-20",8.2
"2012-12-21",8.2
"2012-12-22",8.2
"2012-12-23",8.2
"2012-12-24",8.2
"2012-12-25",8.2
"2012-12-26",8.14
"2012-12-27",8.12
"2012-12-28",8.12
"2012-12-29",8.12
"2012-12-30",8.12
"2012-12-31",8.12
"2013-01-01",8.05
"2013-01-02",8.05
"2013-01-03",8.05
"2013-01-04",8.04
"2013-01-05",8.03
"2013-01-06",8.01
"2013-01-07",7.99
"2013-01-08",7.98
"2013-01-09",7.98
"2013-01-10",7.96
"2013-01-11",7.93
"2013-01-12",7.91
"2013-01-13",7.88
"2013-01-14",7.85
"2013-01-15",7.82
"2013-01-16",7.79
"2013-01-17",7.76
"2013-01-18",7.72
"2013-01-19",7.69
"2013-01-20",7.66
"2013-01-21",7.65
"2013-01-22",7.62
"2013-01-23",7.6
"2013-01-24",7.57
"2013-01-25",7.55
"2013-01-26",7.54
"2013-01-27",7.53
"2013-01-28",7.52
"2013-01-29",7.51
"2013-01-30",7.49
"2013-01-31",7.48
"2013-02-01",6.67
"2013-02-02",6.63
"2013-02-03",6.59
"2013-02-04",6.56
"2013-02-05",6.53
"2013-02-06",6.5
"2013-02-07",6.47
"2013-02-08",6.44
"2013-02-09",6.41
"2013-02-10",6.39
"2013-02-11",6.36
"2013-02-12",6.34
"2013-02-13",6.31
"2013-02-14",6.28
"2013-02-15",6.26
"2013-02-16",6.22
"2013-02-17",6.18
"2013-02-18",6.15
"2013-02-19",6.13
"2013-02-20",6.11
"2013-02-21",6.08
"2013-02-22",6.04
"2013-02-23",5.99
"2013-02-24",5.94
"2013-02-25",5.89
"2013-02-26",5.85
"2013-02-27",5.81
"2013-02-28",5.78
"2013-03-01",5.73
"2013-03-02",5.68
"2013-03-03",5.64
"2013-03-04",5.61
"2013-03-05",5.57
"2013-03-06",5.59
"2013-03-07",5.55
"2013-03-08",5.45
"2013-03-09",5.39
"2013-03-10",5.35
"2013-03-11",5.32
"2013-03-12",5.25
"2013-03-13",5.21
"2013-03-14",5.17
"2013-03-15",5.12
"2013-03-16",5.07
"2013-03-17",5.05
"2013-03-18",5
"2013-03-19",4.96
"2013-03-20",4.92
"2013-03-21",4.88
"2013-03-22",4.84
"2013-03-23",4.83
"2013-03-24",4.76
"2013-03-25",4.71
"2013-03-26",4.67
"2013-03-27",4.63
"2013-03-28",4.58
"2013-03-29",4.53
"2013-03-30",4.48
"2013-03-31",4.46
"2013-04-01",4.45
"2013-04-02",2.1
"2013-04-03",2.09
"2013-04-04",2.07
"2013-04-05",2.06
"2013-04-06",4.17
"2013-04-07",2.05
"2013-04-08",2.04
"2013-04-09",4.16
"2013-04-10",2.04
"2013-04-11",4.15
"2013-04-12",2.03
"2013-04-13",4.13
"2013-04-14",2.01
"2013-04-15",2.01
"2013-04-16",3.77
"2013-04-17",3.74
"2013-04-18",1.99
"2013-04-19",3.67
"2013-04-20",3.63
"2013-04-21",1.96
"2013-04-22",1.96
"2013-04-23",3.38
"2013-04-24",3.38
"2013-04-25",3.33
"2013-04-26",1.93
"2013-04-27",3.3
"2013-04-28",1.92
"2013-04-29",1.91
"2013-04-30",3.23
"2013-05-01",3.2
"2013-05-02",3.17
"2013-05-03",3.13
"2013-05-04",3.09
"2013-05-05",3.05
"2013-05-06",3.01
"2013-05-07",2.98
"2013-05-08",2.94
"2013-05-09",2.89
"2013-05-10",2.84
"2013-05-11",2.78
"2013-05-12",2.76
"2013-05-13",2.72
"2013-05-14",2.68
"2013-05-15",2.65
"2013-05-16",2.62
"2013-05-17",1.72
"2013-05-18",1.72
"2013-05-19",1.71
"2013-05-20",1.7
"2013-05-21",2.48
"2013-05-22",2.47
"2013-05-23",1.68
"2013-05-24",1.68
"2013-05-25",2.32
"2013-05-26",1.67
"2013-05-27",2.31
"2013-05-28",1.66
"2013-05-29",1.65
"2013-05-30",2.23
"2013-05-31",2.21
"2013-06-01",2.19
"2013-06-02",2.17
"2013-06-03",1.63
"2013-06-04",1.63
"2013-06-05",2.1
"2013-06-06",1.63
"2013-06-07",2
"2013-06-08",1.98
"2013-06-09",1.97
"2013-06-10",1.97
"2013-06-11",1.97
"2013-06-12",1.96
"2013-06-13",1.95
"2013-06-14",1.93
"2013-06-15",1.92
"2013-06-16",1.93
"2013-06-17",1.93
"2013-06-18",1.93
"2013-06-19",1.93
"2013-06-20",1.87
"2013-06-21",1.69
"2013-06-22",1.96
"2013-06-23",1.69
"2013-06-24",1.7
"2013-06-25",2.02
"2013-06-26",2.04
"2013-06-27",0.2
"2013-06-28",1.87
"2013-06-29",2.16
"2013-06-30",1.88
"2013-07-01",1.89
"2013-07-02",2.35
"2013-07-03",2.38
"2013-07-04",2.39
"2013-07-05",2.31
"2013-07-06",2.31
"2013-07-07",2.33
"2013-07-08",2.35
"2013-07-09",2.36
"2013-07-10",2.47
"2013-07-11",2.51
"2013-07-12",1.87
"2013-07-13",2.53
"2013-07-14",1.89
"2013-07-15",1.89
"2013-07-16",2.98
"2013-07-17",2.73
"2013-07-18",2.17
"2013-07-19",2.17
"2013-07-20",3.02
"2013-07-21",2.2
"2013-07-22",2.21
"2013-07-23",3.68
"2013-07-24",3.69
"2013-07-25",2.25
"2013-07-26",2.26
"2013-07-27",3.88
"2013-07-28",2.39
"2013-07-29",4.04
"2013-07-30",4.1
"2013-07-31",4.19
"2013-08-01",2.73
"2013-08-02",2.81
"2013-08-03",4.45
"2013-08-04",2.83
"2013-08-05",4.43
"2013-08-06",4.46
"2013-08-07",4.55
"2013-08-08",3
"2013-08-09",4.63
"2013-08-10",4.67
"2013-08-11",4.69
"2013-08-12",3.97
"2013-08-13",4.72
"2013-08-14",3.15
"2013-08-15",2.4
"2013-08-16",2.41
"2013-08-17",5.4
"2013-08-18",2.46
"2013-08-19",2.49
"2013-08-20",5.96
"2013-08-21",6.03
"2013-08-22",5.35
"2013-08-23",2.68
"2013-08-24",2.7
"2013-08-25",5.93
"2013-08-26",6.03
"2013-08-27",6.76
"2013-08-28",6.69
"2013-08-29",2.76
"2013-08-30",2.9
"2013-08-31",6.91
"2013-09-01",2.93
"2013-09-02",2.92
"2013-09-03",7.33
"2013-09-04",7.33
"2013-09-05",0.18
"2013-09-06",2.91
"2013-09-07",2.91
"2013-09-08",2.9
"2013-09-09",2.89
"2013-09-10",2.89
"2013-09-11",7.96
"2013-09-12",2.87
"2013-09-13",7.2
"2013-09-14",7.94
"2013-09-15",2.85
"2013-09-16",2.84
"2013-09-17",8.1
"2013-09-18",8.09
"2013-09-19",2.84
"2013-09-20",2.83
"2013-09-21",8.08
"2013-09-22",2.82
"2013-09-23",3.48
"2013-09-24",2.8
"2013-09-25",8.27
"2013-09-26",2.78
"2013-09-27",2.77
"2013-09-28",2.76
"2013-09-29",8.23
"2013-09-30",8.22
"2013-10-01",8.23
"2013-10-02",7.4
"2013-10-03",0.87
"2013-10-04",2.74
"2013-10-05",2.74
"2013-10-06",2.75
"2013-10-07",7.42
"2013-10-08",8.09
"2013-10-09",8.15
"2013-10-10",2.77
"2013-10-11",2.77
"2013-10-12",8.16
"2013-10-13",2.76
"2013-10-14",2.76
"2013-10-15",7.91
"2013-10-16",7.9
"2013-10-17",2.74
"2013-10-18",7.15
"2013-10-19",7.15
"2013-10-20",8.11
"2013-10-21",8.11
"2013-10-22",8.88
"2013-10-23",8.11
"2013-10-24",3.5
"2013-10-25",2.75
"2013-10-26",2.77
"2013-10-27",7.55
"2013-10-28",2.81
"2013-10-29",3.58
"2013-10-30",8.4
"2013-10-31",8.41
"2013-11-01",3.59
"2013-11-02",8.41
"2013-11-03",8.41
"2013-11-04",8.41
"2013-11-05",3.6
"2013-11-06",8.98
"2013-11-07",3.6
"2013-11-08",3.6
"2013-11-09",3.6
"2013-11-10",3.6
"2013-11-11",3.6
"2013-11-12",8.4
"2013-11-13",8.4
"2013-11-14",3.6
"2013-11-15",3.6
"2013-11-16",3.6
"2013-11-17",3.6
"2013-11-18",3.6
"2013-11-19",8.37
"2013-11-20",8.37
"2013-11-21",3.59
"2013-11-22",3.59
"2013-11-23",3.59
"2013-11-24",8.36
"2013-11-25",3.59
"2013-11-26",8.36
"2013-11-27",8.34
"2013-11-28",2.82
"2013-11-29",2.82
"2013-11-30",2.82
"2013-12-01",3.58
"2013-12-02",2.81
"2013-12-03",8.33
"2013-12-04",7.57
"2013-12-05",2.82
"2013-12-06",7.59
"2013-12-07",8.35
"2013-12-08",2.82
"2013-12-09",2.82
"2013-12-10",8.35
"2013-12-11",8.35
"2013-12-12",5.7
"2013-12-13",3.58
"2013-12-14",8.33
"2013-12-15",3.57
"2013-12-16",3.57
"2013-12-17",8.3
"2013-12-18",8.3
"2013-12-19",8.29
"2013-12-20",3.57
"2013-12-21",3.56
"2013-12-22",3.56
"2013-12-23",8.28
"2013-12-24",8.28
"2013-12-25",3.56
"2013-12-26",3.55
"2013-12-27",8.04
"2013-12-28",3.55
"2013-12-29",3.55
"2013-12-30",3.55
"2013-12-31",8.04
"2014-01-01",7.96
"2014-01-02",7.96
"2014-01-03",3.55
"2014-01-04",7.96
"2014-01-05",7.92
"2014-01-06",3.54
"2014-01-07",7.82
"2014-01-08",7.82
"2014-01-09",7.77
"2014-01-10",3.54
"2014-01-11",7.77
"2014-01-12",3.53
"2014-01-13",3.53
"2014-01-14",7.76
"2014-01-15",7.75
"2014-01-16",7.74
"2014-01-17",3.51
"2014-01-18",3.5
"2014-01-19",3.49
"2014-01-20",3.48
"2014-01-21",7.61
"2014-01-22",7.59
"2014-01-23",3.46
"2014-01-24",3.44
"2014-01-25",3.43
"2014-01-26",3.42
"2014-01-27",3.4
"2014-01-28",7.45
"2014-01-29",7.42
"2014-01-30",7.39
"2014-01-31",3.36
"2014-02-01",3.35
"2014-02-02",3.34
"2014-02-03",3.33
"2014-02-04",7.23
"2014-02-05",7.22
"2014-02-06",4.65
"2014-02-07",3.3
"2014-02-08",3.3
"2014-02-09",3.29
"2014-02-10",3.29
"2014-02-11",7.1
"2014-02-12",7.05
"2014-02-13",7.04
"2014-02-14",3.26
"2014-02-15",3.26
"2014-02-16",7.04
"2014-02-17",3.26
"2014-02-18",6.96
"2014-02-19",6.9
"2014-02-20",3.25
"2014-02-21",3.25
"2014-02-22",3.24
"2014-02-23",3.24
"2014-02-24",6.75
"2014-02-25",6.75
"2014-02-26",4.22
"2014-02-27",0.73
"2014-02-28",3.24
"2014-03-01",3.25
"2014-03-02",3.26
"2014-03-03",6.67
"2014-03-04",6.67
"2014-03-05",6.69
"2014-03-06",3.27
"2014-03-07",3.28
"2014-03-08",3.28
"2014-03-09",3.28
"2014-03-10",6.62
"2014-03-11",3.28
"2014-03-12",6.61
"2014-03-13",6.6
"2014-03-14",3.27
"2014-03-15",3.27
"2014-03-16",6.53
"2014-03-17",6.46
"2014-03-18",6.45
"2014-03-19",6.43
"2014-03-20",6.41
"2014-03-21",6.38
"2014-03-22",6.36
"2014-03-23",6.32
"2014-03-24",6.28
"2014-03-25",6.24
"2014-03-26",6.23
"2014-03-27",3.16
"2014-03-28",3.17
"2014-03-29",3.14
"2014-03-30",3.13
"2014-03-31",5.99
"2014-04-01",5.98
"2014-04-02",5.95
"2014-04-03",3.39
"2014-04-04",5.35
"2014-04-05",2.57
"2014-04-06",5.34
"2014-04-07",5.67
"2014-04-08",5.66
"2014-04-09",5.63
"2014-04-10",3
"2014-04-11",2.99
"2014-04-12",5.49
"2014-04-13",5.44
"2014-04-14",5.4
"2014-04-15",5.37
"2014-04-16",5.32
"2014-04-17",0.06
"2014-04-18",4.85
"2014-04-19",4.82
"2014-04-20",4.79
"2014-04-21",5.11
"2014-04-22",4.75
"2014-04-23",5.06
"2014-04-24",2.57
"2014-04-25",4.98
"2014-04-26",4.94
"2014-04-27",4.91
"2014-04-28",4.88
"2014-04-29",4.84
"2014-04-30",4.8
"2014-05-01",2.3
"2014-05-02",2.28
"2014-05-03",2.24
"2014-05-04",4.63
"2014-05-05",4.6
"2014-05-06",2.76
"2014-05-07",2.12
"2014-05-08",2.1
"2014-05-09",4.46
"2014-05-10",4.43
"2014-05-11",4.39
"2014-05-12",4.36
"2014-05-13",4.34
"2014-05-14",1.95
"2014-05-15",1.93
"2014-05-16",4.28
"2014-05-17",4.25
"2014-05-18",4.23
"2014-05-19",4.19
"2014-05-20",4.16
"2014-05-21",1.78
"2014-05-22",1.75
"2014-05-23",4.07
"2014-05-24",4.05
"2014-05-25",4.03
"2014-05-26",4.01
"2014-05-27",4.01
"2014-05-28",0.27
"2014-05-29",0.27
"2014-05-30",3.93
"2014-05-31",3.89
"2014-06-01",3.87
"2014-06-02",3.84
"2014-06-03",3.81
"2014-06-04",1.47
"2014-06-05",1.44
"2014-06-06",3.48
"2014-06-07",3.45
"2014-06-08",3.41
"2014-06-09",3.6
"2014-06-10",3.57
"2014-06-11",3.32
"2014-06-12",3.5
"2014-06-13",3.25
"2014-06-14",3.22
"2014-06-15",3.19
"2014-06-16",3.36
"2014-06-17",3.33
"2014-06-18",1.05
"2014-06-19",1.04
"2014-06-20",3.29
"2014-06-21",3.29
"2014-06-22",3.29
"2014-06-23",3.28
"2014-06-24",3.27
"2014-06-25",3.26
"2014-06-26",3.04
"2014-06-27",3.02
"2014-06-28",3.01
"2014-06-29",3.2
"2014-06-30",3.19
"2014-07-01",3.17
"2014-07-02",2.96
"2014-07-03",0.87
"2014-07-04",2.94
"2014-07-05",2.92
"2014-07-06",3.11
"2014-07-07",3.09
"2014-07-08",3.08
"2014-07-09",3.06
"2014-07-10",3.05
"2014-07-11",0.77
"2014-07-12",3.02
"2014-07-13",3
"2014-07-14",3
"2014-07-15",3
"2014-07-16",3.01
"2014-07-17",0.76
"2014-07-18",3.05
"2014-07-19",3.07
"2014-07-20",3.11
"2014-07-21",3.21
"2014-07-22",3.68
"2014-07-23",4.56
"2014-07-24",3.54
"2014-07-25",6.28
"2014-07-26",6.07
"2014-07-27",5.83
"2014-07-28",5.76
"2014-07-29",5.77
"2014-07-30",5.87
"2014-07-31",6.14
"2014-08-01",6.13
"2014-08-02",6.2
"2014-08-03",5.78
"2014-08-04",6.32
"2014-08-05",6.76
"2014-08-06",8.24
"2014-08-07",8.13
"2014-08-08",7.95
"2014-08-09",7.7
"2014-08-10",7.26
"2014-08-11",6.84
"2014-08-12",6.6
"2014-08-13",6.5
"2014-08-14",6.41
"2014-08-15",6.37
"2014-08-16",6.5
"2014-08-17",6.55
"2014-08-18",6.48
"2014-08-19",6.5
"2014-08-20",6.51
"2014-08-21",6.5
"2014-08-22",6.5
"2014-08-23",6.54
"2014-08-24",6.6
"2014-08-25",6.65
"2014-08-26",6.68
"2014-08-27",6.7
"2014-08-28",6.72
"2014-08-29",6.07
"2014-08-30",6.11
"2014-08-31",6.8
"2014-09-01",6.82
"2014-09-02",6.23
"2014-09-03",7.06
"2014-09-04",7.15
"2014-09-05",2.9
"2014-09-06",2.95
"2014-09-07",2.99
"2014-09-08",7.65
"2014-09-09",3.03
"2014-09-10",6.9
"2014-09-11",7.75
"2014-09-12",7.76
"2014-09-13",7.76
"2014-09-14",7.77
"2014-09-15",7.77
"2014-09-16",8.08
"2014-09-17",1.01
"2014-09-18",5.31
"2014-09-19",8.07
"2014-09-20",8.08
"2014-09-21",8.14
"2014-09-22",8.54
"2014-09-23",8.56
"2014-09-24",3.85
"2014-09-25",8.54
"2014-09-26",3.83
"2014-09-27",8.5
"2014-09-28",8.48
"2014-09-29",8.46
"2014-09-30",8.43
"2014-10-01",8.52
"2014-10-02",6.31
"2014-10-03",6.29
"2014-10-04",6.28
"2014-10-05",6.26
"2014-10-06",8.99
"2014-10-07",8.89
"2014-10-08",8.87
"2014-10-09",6.2
"2014-10-10",8.23
"2014-10-11",7.69
"2014-10-12",7.21
"2014-10-13",7.19
"2014-10-14",7.22
"2014-10-15",7.35
"2014-10-16",7.6
"2014-10-17",7.19
"2014-10-18",7.35
"2014-10-19",8.12
"2014-10-20",8.18
"2014-10-21",7.56
"2014-10-22",0.85
"2014-10-23",0.85
"2014-10-24",3.49
"2014-10-25",3.48
"2014-10-26",3.47
"2014-10-27",8.25
"2014-10-28",8.25
"2014-10-29",8.25
"2014-10-30",7.56
"2014-10-31",8.25
"2014-11-01",8.25
"2014-11-02",2.77
"2014-11-03",8.2
"2014-11-04",5.61
"2014-11-05",0.87
"2014-11-06",0.17
"2014-11-07",2.77
"2014-11-08",0.17
"2014-11-09",0.17
"2014-11-10",8.16
"2014-11-11",4.86
"2014-11-12",4.86
"2014-11-13",8.15
"2014-11-14",2.75
"2014-11-15",2.75
"2014-11-16",2.75
"2014-11-17",8.13
"2014-11-18",8.13
"2014-11-19",8.13
"2014-11-20",7.43
"2014-11-21",2.73
"2014-11-22",2.73
"2014-11-23",2.73
"2014-11-24",8.09
"2014-11-25",2.73
"2014-11-26",8.09
"2014-11-27",5.52
"2014-11-28",8.06
"2014-11-29",8.06
"2014-11-30",8.05
"2014-12-01",8.04
"2014-12-02",8.03
"2014-12-03",8.02
"2014-12-04",8.01
"2014-12-05",7.99
"2014-12-06",7.98
"2014-12-07",7.97
"2014-12-08",7.99
"2014-12-09",7.94
"2014-12-10",7.93
"2014-12-11",7.91
"2014-12-12",7.21
"2014-12-13",7.19
"2014-12-14",7.17
"2014-12-15",7.87
"2014-12-16",7.84
"2014-12-17",7.1
"2014-12-18",5.25
"2014-12-19",7.77
"2014-12-20",7.75
"2014-12-21",7.73
"2014-12-22",7.71
"2014-12-23",7.69
"2014-12-24",7.67
"2014-12-25",4.36
"2014-12-26",6.87
"2014-12-27",7.6
"2014-12-28",6.82
"2014-12-29",7.48
"2014-12-30",6.77
"2014-12-31",7.49
"2015-01-01",7.47
"2015-01-02",6.7
"2015-01-03",6.68
"2015-01-04",6.66
"2015-01-05",7.39
"2015-01-06",6.61
"2015-01-07",6.58
"2015-01-08",4.76
"2015-01-09",6.53
"2015-01-10",6.51
"2015-01-11",6.48
"2015-01-12",7.18
"2015-01-13",7.16
"2015-01-14",7.13
"2015-01-15",7.1
"2015-01-16",6.36
"2015-01-17",6.34
"2015-01-18",7.04
"2015-01-19",6.97
"2015-01-20",6.94
"2015-01-21",6.92
"2015-01-22",6.23
"2015-01-23",6.86
"2015-01-24",6.83
"2015-01-25",6.81
"2015-01-26",6.77
"2015-01-27",6.74
"2015-01-28",6.71
"2015-01-29",4.17
"2015-01-30",3.21
"2015-01-31",3.21
"2015-02-01",3.2
"2015-02-02",6.61
"2015-02-03",3.19
"2015-02-04",6.55
"2015-02-05",6.53
"2015-02-06",6.51
"2015-02-07",6.48
"2015-02-08",6.46
"2015-02-09",6.44
"2015-02-10",6.42
"2015-02-11",3.88
"2015-02-12",3.86
"2015-02-13",3.16
"2015-02-14",6.33
"2015-02-15",6.3
"2015-02-16",6.27
"2015-02-17",3.14
"2015-02-18",6.26
"2015-02-19",6.16
"2015-02-20",6.16
"2015-02-21",6.13
"2015-02-22",6.1
"2015-02-23",6.07
"2015-02-24",6.04
"2015-02-25",6.03
"2015-02-26",0.57
"2015-02-27",5.94
"2015-02-28",5.91
"2015-03-01",5.88
"2015-03-02",5.85
"2015-03-03",5.83
"2015-03-04",5.82
"2015-03-05",3.02
"2015-03-06",3.03
"2015-03-07",3.03
"2015-03-08",3.03
"2015-03-09",5.7
"2015-03-10",5.7
"2015-03-11",5.67
"2015-03-12",5.65
"2015-03-13",3.02
"2015-03-14",5.6
"2015-03-15",5.57
"2015-03-16",5.55
"2015-03-17",5.52
"2015-03-18",3.01
"2015-03-19",2.55
"2015-03-20",2.57
"2015-03-21",4.98
"2015-03-22",5.36
"2015-03-23",5.33
"2015-03-24",2.57
"2015-03-25",5.27
"2015-03-26",4.84
"2015-03-27",4.81
"2015-03-28",2.56
"2015-03-29",2.56
"2015-03-30",5.11
"2015-03-31",5.11
"2015-04-01",2.92
"2015-04-02",2.58
"2015-04-03",5.01
"2015-04-04",4.97
"2015-04-05",4.94
"2015-04-06",4.91
"2015-04-07",4.88
"2015-04-08",4.84
"2015-04-09",2.51
"2015-04-10",2.5
"2015-04-11",2.49
"2015-04-12",2.48
"2015-04-13",4.64
"2015-04-14",4.37
"2015-04-15",4.61
"2015-04-16",4.57
"2015-04-17",2.45
"2015-04-18",2.44
"2015-04-19",2.43
"2015-04-20",4.35
"2015-04-21",4.34
"2015-04-22",4.09
"2015-04-23",2.6
"2015-04-24",2.58
"2015-04-25",2.57
"2015-04-26",2.55
"2015-04-27",4.11
"2015-04-28",4.1
"2015-04-29",2.51
"2015-04-30",4.07
"2015-05-01",2.34
"2015-05-02",2.33
"2015-05-03",2.33
"2015-05-04",3.91
"2015-05-05",3.78
"2015-05-06",3.88
"2015-05-07",3.73
"2015-05-08",2.32
"2015-05-09",2.32
"2015-05-10",2.32
"2015-05-11",3.72
"2015-05-12",3.71
"2015-05-13",3.69
"2015-05-14",3.58
"2015-05-15",3.55
"2015-05-16",3.54
"2015-05-17",3.54
"2015-05-18",3.6
"2015-05-19",3.49
"2015-05-20",2.37
"2015-05-21",3.55
"2015-05-22",3.45
"2015-05-23",3.43
"2015-05-24",3.48
"2015-05-25",3.48
"2015-05-26",3.39
"2015-05-27",3.37
"2015-05-28",3.43
"2015-05-29",2.23
"2015-05-30",2.23
"2015-05-31",3.3
"2015-06-01",3.36
"2015-06-02",3.29
"2015-06-03",3.32
"2015-06-04",3.29
"2015-06-05",3.27
"2015-06-06",3.22
"2015-06-07",3.2
"2015-06-08",3.17
"2015-06-09",3.12
"2015-06-10",3.1
"2015-06-11",3.08
"2015-06-12",3.07
"2015-06-13",3.05
"2015-06-14",3.03
"2015-06-15",3.02
"2015-06-16",3
"2015-06-17",2.98
"2015-06-18",2.96
"2015-06-19",2.95
"2015-06-20",2.94
"2015-06-21",2.93
"2015-06-22",2.92
"2015-06-23",2.96
"2015-06-24",3.02
"2015-06-25",3.05
"2015-06-26",3.1
"2015-06-27",3.16
"2015-06-28",3.18
"2015-06-29",3.2
"2015-06-30",3.2
"2015-07-01",3.2
"2015-07-02",3.21
"2015-07-03",3.2
"2015-07-04",3.2
"2015-07-05",3.2
"2015-07-06",3.2
"2015-07-07",3.2
"2015-07-08",3.24
"2015-07-09",3.15
"2015-07-10",3.25
"2015-07-11",3.62
"2015-07-12",4.36
"2015-07-13",4.95
"2015-07-14",4.87
"2015-07-15",4.62
"2015-07-16",4.43
"2015-07-17",4.25
"2015-07-18",4.14
"2015-07-19",4.09
"2015-07-20",4.02
"2015-07-21",3.99
"2015-07-22",3.94
"2015-07-23",3.74
"2015-07-24",3.86
"2015-07-25",4.01
"2015-07-26",4.03
"2015-07-27",4.18
"2015-07-28",4.18
"2015-07-29",3.93
"2015-07-30",3.9
"2015-07-31",3.82
"2015-08-01",3.74
"2015-08-02",3.7
"2015-08-03",3.91
"2015-08-04",3.96
"2015-08-05",3.89
"2015-08-06",4.31
"2015-08-07",4.29
"2015-08-08",4.26
"2015-08-09",4.3
"2015-08-10",4.3
"2015-08-11",4.02
"2015-08-12",4.33
"2015-08-13",4.34
"2015-08-14",4.39
"2015-08-15",4.42
"2015-08-16",4.46
"2015-08-17",4.6
"2015-08-18",4.77
"2015-08-19",5.07
"2015-08-20",5.32
"2015-08-21",5.47
"2015-08-22",5.58
"2015-08-23",5.64
"2015-08-24",5.69
"2015-08-25",5.71
"2015-08-26",5.74
"2015-08-27",3.65
"2015-08-28",5.98
"2015-08-29",6.08
"2015-08-30",6.14
"2015-08-31",6.28
"2015-09-01",6.38
"2015-09-02",6.46
"2015-09-03",6.52
"2015-09-04",6.5
"2015-09-05",6.44
"2015-09-06",6.35
"2015-09-07",6.32
"2015-09-08",6.33
"2015-09-09",6.33
"2015-09-10",6.04
"2015-09-11",6.31
"2015-09-12",6.32
"2015-09-13",6.3
"2015-09-14",6.29
"2015-09-15",6.28
"2015-09-16",6.28
"2015-09-17",0.09
"2015-09-18",6.4
"2015-09-19",6.47
"2015-09-20",6.75
"2015-09-21",6.99
"2015-09-22",6.91
"2015-09-23",6.51
"2015-09-24",6.67
"2015-09-25",7.28
"2015-09-26",7.33
"2015-09-27",7.36
"2015-09-28",7.92
"2015-09-29",7.89
"2015-09-30",7.86
"2015-10-01",7.83
"2015-10-02",7.81
"2015-10-03",7.78
"2015-10-04",7.75
"2015-10-05",7.15
"2015-10-06",7.11
"2015-10-07",7.07
"2015-10-08",2.25
"2015-10-09",7
"2015-10-10",6.97
"2015-10-11",6.95
"2015-10-12",6.92
"2015-10-13",6.89
"2015-10-14",6.85
"2015-10-15",1.69
"2015-10-16",6.76
"2015-10-17",6.72
"2015-10-18",6.66
"2015-10-19",6.6
"2015-10-20",6.54
"2015-10-21",6.49
"2015-10-22",4.93
"2015-10-23",6.38
"2015-10-24",6.33
"2015-10-25",6.29
"2015-10-26",6.25
"2015-10-27",6.21
"2015-10-28",6.18
"2015-10-29",4.72
"2015-10-30",6.13
"2015-10-31",6.1
"2015-11-01",6.06
"2015-11-02",6.03
"2015-11-03",5.91
"2015-11-04",5.98
"2015-11-05",0.4
"2015-11-06",5.94
"2015-11-07",5.91
"2015-11-08",5.86
"2015-11-09",5.83
"2015-11-10",5.81
"2015-11-11",4.02
"2015-11-12",4.02
"2015-11-13",5.79
"2015-11-14",5.78
"2015-11-15",5.77
"2015-11-16",5.76
"2015-11-17",5.76
"2015-11-18",5.75
"2015-11-19",5.74
"2015-11-20",5.73
"2015-11-21",5.73
"2015-11-22",5.72
"2015-11-23",5.72
"2015-11-24",5.72
"2015-11-25",1.79
"2015-11-26",1.79
"2015-11-27",5.71
"2015-11-28",5.7
"2015-11-29",5.7
"2015-11-30",5.7
"2015-12-01",5.69
"2015-12-02",5.69
"2015-12-03",5.69
"2015-12-04",5.69
"2015-12-05",5.68
"2015-12-06",5.68
"2015-12-07",5.68
"2015-12-08",5.67
"2015-12-09",5.67
"2015-12-10",5.31
"2015-12-11",5.3
"2015-12-12",5.66
"2015-12-13",5.66
"2015-12-14",5.69
"2015-12-15",5.65
"2015-12-16",5.64
"2015-12-17",5.63
"2015-12-18",5.62
"2015-12-19",5.61
"2015-12-20",5.61
"2015-12-21",5.6
"2015-12-22",5.6
"2015-12-23",5.6
"2015-12-24",4.24
"2015-12-25",5.59
"2015-12-26",5.58
"2015-12-27",5.57
"2015-12-28",5.57
"2015-12-29",5.56
"2015-12-30",4.2
"2015-12-31",5.54
"2016-01-01",4.24
"2016-01-02",5.58
"2016-01-03",5.57
"2016-01-04",5.55
"2016-01-05",5.54
"2016-01-06",0.44
"2016-01-07",0.43
"2016-01-08",1.77
"2016-01-09",5.45
"2016-01-10",1.76
"2016-01-11",5.45
"2016-01-12",5.43
"2016-01-13",5.42
"2016-01-14",5.4
"2016-01-15",1.75
"2016-01-16",5.37
"2016-01-17",5.36
"2016-01-18",5.35
"2016-01-19",5.32
"2016-01-20",5.31
"2016-01-21",5.31
"2016-01-22",5.29
"2016-01-23",5.28
"2016-01-24",5.26
"2016-01-25",5.24
"2016-01-26",5.23
"2016-01-27",5.21
"2016-01-28",1.74
"2016-01-29",1.74
"2016-01-30",5.21
"2016-01-31",1.73
"2016-02-01",5.1
"2016-02-02",5.1
"2016-02-03",1.73
"2016-02-04",4.76
"2016-02-05",1.73
"2016-02-06",5.09
"2016-02-07",1.73
"2016-02-08",5.01
"2016-02-09",5.01
"2016-02-10",5.01
"2016-02-11",1.72
"2016-02-12",1.72
"2016-02-13",5
"2016-02-14",1.72
"2016-02-15",4.86
"2016-02-16",1.71
"2016-02-17",1.71
"2016-02-18",4.85
"2016-02-19",1.38
"2016-02-20",4.85
"2016-02-21",4.85
"2016-02-22",4.84
"2016-02-23",4.52
"2016-02-24",1.37
"2016-02-25",4.39
"2016-02-26",1.37
"2016-02-27",4.71
"2016-02-28",1.68
"2016-02-29",1.6
"2016-03-01",4.59
"2016-03-02",4.59
"2016-03-03",4.58
"2016-03-04",4.56
"2016-03-05",4.54
"2016-03-06",4.52
"2016-03-07",4.94
"2016-03-08",4.48
"2016-03-09",4.46
"2016-03-10",4.43
"2016-03-11",4.41
"2016-03-12",4.38
"2016-03-13",4.36
"2016-03-14",4.34
"2016-03-15",4.33
"2016-03-16",4.3
"2016-03-17",4.27
"2016-03-18",4.25
"2016-03-19",2.98
"2016-03-20",2.96
"2016-03-21",2.94
"2016-03-22",4.18
"2016-03-23",4.15
"2016-03-24",2.87
"2016-03-25",4.11
"2016-03-26",4.09
"2016-03-27",4.07
"2016-03-28",4.06
"2016-03-29",4.03
"2016-03-30",4.01
"2016-03-31",3.99
"2016-04-01",3.96
"2016-04-02",3.94
"2016-04-03",3.91
"2016-04-04",3.87
"2016-04-05",3.84
"2016-04-06",3.82
"2016-04-07",3.51
"2016-04-08",3.76
"2016-04-09",3.73
"2016-04-10",3.7
"2016-04-11",3.67
"2016-04-12",3.64
"2016-04-13",3.62
"2016-04-14",2.37
"2016-04-15",3.56
"2016-04-16",3.52
"2016-04-17",3.48
"2016-04-18",3.45
"2016-04-19",3.42
"2016-04-20",3.39
"2016-04-21",3.35
"2016-04-22",3.32
"2016-04-23",3.28
"2016-04-24",3.24
"2016-04-25",3.2
"2016-04-26",3.15
"2016-04-27",3.1
"2016-04-28",3.08
"2016-04-29",2.99
"2016-04-30",2.96
"2016-05-01",2.94
"2016-05-02",2.88
"2016-05-03",2.84
"2016-05-04",2.81
"2016-05-05",1.76
"2016-05-06",2.78
"2016-05-07",2.76
"2016-05-08",2.74
"2016-05-09",2.73
"2016-05-10",2.71
"2016-05-11",2.7
"2016-05-12",2.69
"2016-05-13",2.67
"2016-05-14",2.66
"2016-05-15",2.63
"2016-05-16",2.62
"2016-05-17",2.59
"2016-05-18",2.55
"2016-05-19",1.25
"2016-05-20",1.24
"2016-05-21",2.54
"2016-05-22",1.22
"2016-05-23",2.31
"2016-05-24",2.29
"2016-05-25",2.28
"2016-05-26",2.25
"2016-05-27",2.21
"2016-05-28",2.17
"2016-05-29",2.13
"2016-05-30",2.08
"2016-05-31",2.03
"2016-06-01",1.96
"2016-06-02",1.9
"2016-06-03",1.85
"2016-06-04",1.81
"2016-06-05",1.77
"2016-06-06",1.73
"2016-06-07",1.69
"2016-06-08",1.68
"2016-06-09",1.92
"2016-06-10",1.91
"2016-06-11",1.89
"2016-06-12",1.9
"2016-06-13",1.85
"2016-06-14",1.81
"2016-06-15",1.62
"2016-06-16",1.6
"2016-06-17",1.13
"2016-06-18",1.77
"2016-06-19",1.14
"2016-06-20",1.66
"2016-06-21",1.66
"2016-06-22",1.66
"2016-06-23",1.65
"2016-06-24",1.66
"2016-06-25",1.66
"2016-06-26",1.65
"2016-06-27",1.64
"2016-06-28",1.63
"2016-06-29",1.63
"2016-06-30",1.13
"2016-07-01",1.61
"2016-07-02",1.6
"2016-07-03",1.59
"2016-07-04",1.58
"2016-07-05",1.59
"2016-07-06",1.46
"2016-07-07",1.51
"2016-07-08",1.75
"2016-07-09",1.76
"2016-07-10",1.76
"2016-07-11",1.8
"2016-07-12",1.84
"2016-07-13",1.86
"2016-07-14",1.57
"2016-07-15",1.91
"2016-07-16",1.94
"2016-07-17",1.99
"2016-07-18",2.04
"2016-07-19",2.2
"2016-07-20",2.32
"2016-07-21",1.13
"2016-07-22",2.45
"2016-07-23",2.53
"2016-07-24",2.6
"2016-07-25",2.67
"2016-07-26",2.75
"2016-07-27",2.84
"2016-07-28",2.89
"2016-07-29",2.99
"2016-07-30",3.07
"2016-07-31",3.15
"2016-08-01",3.21
"2016-08-02",3.28
"2016-08-03",3.67
"2016-08-04",3.97
"2016-08-05",4.33
"2016-08-06",4.39
"2016-08-07",4.5
"2016-08-08",4.43
"2016-08-09",4.37
"2016-08-10",4.14
"2016-08-11",2.2
"2016-08-12",2.23
"2016-08-13",4.21
"2016-08-14",0.92
"2016-08-15",0.92
"2016-08-16",5.02
"2016-08-17",3.38
"2016-08-18",5.02
"2016-08-19",5.14
"2016-08-20",5.28
"2016-08-21",5.34
"2016-08-22",5.32
"2016-08-23",5.32
"2016-08-24",3.55
"2016-08-25",2.9
"2016-08-26",5.47
"2016-08-27",5.57
"2016-08-28",5.64
"2016-08-29",5.66
"2016-08-30",5.7
"2016-08-31",5.74
"2016-09-01",5.16
"2016-09-02",2.76
"2016-09-03",6.8
"2016-09-04",2.77
"2016-09-05",2.76
"2016-09-06",6.79
"2016-09-07",2.75
"2016-09-08",6.22
"2016-09-09",2.18
"2016-09-10",6.79
"2016-09-11",2.76
"2016-09-12",2.24
"2016-09-13",6.86
"2016-09-14",6.88
"2016-09-15",3
"2016-09-16",3
"2016-09-17",7.05
"2016-09-18",2.33
"2016-09-19",2.34
"2016-09-20",7.23
"2016-09-21",5.15
"2016-09-22",0.27
"2016-09-23",2.36
"2016-09-24",7.23
"2016-09-25",2.35
"2016-09-26",2.35
"2016-09-27",7.63
"2016-09-28",7.69
"2016-09-29",3.23
"2016-09-30",7.77
"2016-10-01",7.79
"2016-10-02",3.28
"2016-10-03",3.28
"2016-10-04",8.12
"2016-10-05",8.08
"2016-10-06",0.28
"2016-10-07",2.51
"2016-10-08",8.11
"2016-10-09",7.36
"2016-10-10",2.53
"2016-10-11",8.12
"2016-10-12",2.52
"2016-10-13",8.11
"2016-10-14",8.13
"2016-10-15",8.13
"2016-10-16",8.13
"2016-10-17",8.11
"2016-10-18",8.11
"2016-10-19",5.92
"2016-10-20",0.28
"2016-10-21",0.28
"2016-10-22",8.12
"2016-10-23",1.04
"2016-10-24",0.28
"2016-10-25",8.03
"2016-10-26",8.03
"2016-10-27",2.41
"2016-10-28",2.41
"2016-10-29",8.02
"2016-10-30",2.41
"2016-10-31",8.02
"2016-11-01",7.98
"2016-11-02",7.98
"2016-11-03",3.17
"2016-11-04",7.98
"2016-11-05",7.98
"2016-11-06",3.17
"2016-11-07",7.93
"2016-11-08",7.93
"2016-11-09",7.92
"2016-11-10",7.9
"2016-11-11",7.9
"2016-11-12",7.89
"2016-11-13",7.88
"2016-11-14",7.88
"2016-11-15",7.88
"2016-11-16",7.87
"2016-11-17",5.74
"2016-11-18",7.87
"2016-11-19",7.86
"2016-11-20",7.86
"2016-11-21",7.86
"2016-11-22",7.86
"2016-11-23",7.86
"2016-11-24",3.15
"2016-11-25",3.15
"2016-11-26",7.84
"2016-11-27",7.84
"2016-11-28",7.83
"2016-11-29",7.83
"2016-11-30",7.83
"2016-12-01",7.82
"2016-12-02",7.81
"2016-12-03",7.81
"2016-12-04",7.81
"2016-12-05",7.8
"2016-12-06",7.8
"2016-12-07",7.8
"2016-12-08",7.78
"2016-12-09",7.78
"2016-12-10",7.77
"2016-12-11",7.77
"2016-12-12",7.77
"2016-12-13",7.77
"2016-12-14",7.75
"2016-12-15",7.74
"2016-12-16",7.74
"2016-12-17",7.74
"2016-12-18",7.73
"2016-12-19",7.72
"2016-12-20",7.71
"2016-12-21",7.71
"2016-12-22",6.95
"2016-12-23",6.94
"2016-12-24",7.69
"2016-12-25",6.92
"2016-12-26",6.91
"2016-12-27",7.65
"2016-12-28",5.54
"2016-12-29",7.62
"2016-12-30",7.61
"2016-12-31",7.59
"2017-01-01",7.58
"2017-01-02",7.56
"2017-01-03",7.55
"2017-01-04",5.44
"2017-01-05",5.41
"2017-01-06",7.49
"2017-01-07",7.48
"2017-01-08",7.46
"2017-01-09",7.45
"2017-01-10",7.43
"2017-01-11",7.41
"2017-01-12",5.3
"2017-01-13",7.01
"2017-01-14",7.34
"2017-01-15",7.32
"2017-01-16",7.3
"2017-01-17",7.28
"2017-01-18",7.25
"2017-01-19",5.15
"2017-01-20",7.2
"2017-01-21",7.19
"2017-01-22",7.17
"2017-01-23",7.14
"2017-01-24",7.12
"2017-01-25",5.01
"2017-01-26",4.98
"2017-01-27",7.04
"2017-01-28",7.02
"2017-01-29",6.99
"2017-01-30",6.96
"2017-01-31",6.94
"2017-02-01",6.25
"2017-02-02",4.81
"2017-02-03",6.86
"2017-02-04",6.83
"2017-02-05",6.81
"2017-02-06",6.79
"2017-02-07",6.76
"2017-02-08",6.74
"2017-02-09",6.08
"2017-02-10",6.06
"2017-02-11",6.69
"2017-02-12",6.02
"2017-02-13",5.99
"2017-02-14",6.61
"2017-02-15",6.59
"2017-02-16",2.9
"2017-02-17",2.89
"2017-02-18",6.5
"2017-02-19",6.47
"2017-02-20",6.44
"2017-02-21",6.41
"2017-02-22",6.38
"2017-02-23",6.35
"2017-02-24",6.32
"2017-02-25",6.29
"2017-02-26",6.25
"2017-02-27",6.22
"2017-02-28",6.19
"2017-03-01",6.16
"2017-03-02",4.08
"2017-03-03",6.1
"2017-03-04",6.07
"2017-03-05",6.05
"2017-03-06",6.02
"2017-03-07",5.99
"2017-03-08",5.96
"2017-03-09",5.93
"2017-03-10",5.9
"2017-03-11",5.89
"2017-03-12",5.86
"2017-03-13",5.83
"2017-03-14",5.81
"2017-03-15",5.8
"2017-03-16",5.8
"2017-03-17",5.72
"2017-03-18",5.7
"2017-03-19",5.67
"2017-03-20",5.64
"2017-03-21",5.61
"2017-03-22",5.57
"2017-03-23",5.54
"2017-03-24",5.5
"2017-03-25",5.46
"2017-03-26",5.43
"2017-03-27",5.4
"2017-03-28",5.37
"2017-03-29",5.36
"2017-03-30",4.84
"2017-03-31",4.81
"2017-04-01",5.26
"2017-04-02",4.75
"2017-04-03",5.16
"2017-04-04",5.12
"2017-04-05",5.09
"2017-04-06",3.09
"2017-04-07",5.04
"2017-04-08",4.98
"2017-04-09",4.93
"2017-04-10",4.89
"2017-04-11",4.85
"2017-04-12",4.81
"2017-04-13",2.46
"2017-04-14",4.71
"2017-04-15",4.68
"2017-04-16",4.64
"2017-04-17",4.61
"2017-04-18",4.56
"2017-04-19",4.52
"2017-04-20",4.48
"2017-04-21",4.45
"2017-04-22",4.4
"2017-04-23",4.36
"2017-04-24",4.32
"2017-04-25",4.28
"2017-04-26",4.23
"2017-04-27",4.2
"2017-04-28",4.15
"2017-04-29",4.12
"2017-04-30",4.07
"2017-05-01",4.04
"2017-05-02",3.99
"2017-05-03",3.95
"2017-05-04",3.92
"2017-05-05",3.88
"2017-05-06",3.84
"2017-05-07",3.81
"2017-05-08",3.78
"2017-05-09",3.75
"2017-05-10",1.92
"2017-05-11",1.87
"2017-05-12",3.66
"2017-05-13",3.62
"2017-05-14",3.6
"2017-05-15",3.56
"2017-05-16",3.54
"2017-05-17",3.51
"2017-05-18",1.55
"2017-05-19",3.44
"2017-05-20",3.41
"2017-05-21",3.38
"2017-05-22",3.35
"2017-05-23",3.33
"2017-05-24",3.29
"2017-05-25",1.5
"2017-05-26",3.27
"2017-05-27",3.25
"2017-05-28",3.22
"2017-05-29",3.2
"2017-05-30",3.18
"2017-05-31",2
"2017-06-01",3.15
"2017-06-02",3.12
"2017-06-03",3.09
"2017-06-04",3.06
"2017-06-05",3.02
"2017-06-06",2.99
"2017-06-07",2.96
"2017-06-08",1.18
"2017-06-09",2.89
"2017-06-10",2.86
"2017-06-11",2.82
"2017-06-12",2.79
"2017-06-13",2.76
"2017-06-14",2.76
"2017-06-15",2.7
"2017-06-16",0.96
"2017-06-17",2.65
"2017-06-18",2.62
"2017-06-19",2.59
"2017-06-20",2.58
"2017-06-21",2.57
"2017-06-22",0.85
"2017-06-23",2.57
"2017-06-24",2.54
"2017-06-25",2.54
"2017-06-26",2.54
"2017-06-27",2.53
"2017-06-28",2.52
"2017-06-29",2.55
"2017-06-30",2.56
"2017-07-01",2.58
"2017-07-02",2.57
"2017-07-03",2.58
"2017-07-04",2.59
"2017-07-05",2.63
"2017-07-06",0.86
"2017-07-07",0.87
"2017-07-08",2.7
"2017-07-09",2.71
"2017-07-10",2.72
"2017-07-11",2.78
"2017-07-12",2.89
"2017-07-13",1.16
"2017-07-14",3.03
"2017-07-15",3.04
"2017-07-16",3.04
"2017-07-17",3.04
"2017-07-18",3.08
"2017-07-19",3.17
"2017-07-20",3.29
"2017-07-21",3.37
"2017-07-22",3.6
"2017-07-23",3.79
"2017-07-24",3.91
"2017-07-25",3.98
"2017-07-26",3.94
"2017-07-27",4.01
"2017-07-28",4.18
"2017-07-29",4.2
"2017-07-30",2.61
"2017-07-31",2.61
"2017-08-01",3.95
"2017-08-02",3.96
"2017-08-03",1.86
"2017-08-04",4
"2017-08-05",3.99
"2017-08-06",4.05
"2017-08-07",4.13
"2017-08-08",4.19
"2017-08-09",4.28
"2017-08-10",2.23
"2017-08-11",4.47
"2017-08-12",4.52
"2017-08-13",4.56
"2017-08-14",4.57
"2017-08-15",4.6
"2017-08-16",4.61
"2017-08-17",2.49
"2017-08-18",4.78
"2017-08-19",4.88
"2017-08-20",4.92
"2017-08-21",4.95
"2017-08-22",4.98
"2017-08-23",4.96
"2017-08-24",4.98
"2017-08-25",5.02
"2017-08-26",5.06
"2017-08-27",5.11
"2017-08-28",5.16
"2017-08-29",5.26
"2017-08-30",5.35
"2017-08-31",5.41
"2017-09-01",5.53
"2017-09-02",5.64
"2017-09-03",5.71
"2017-09-04",5.75
"2017-09-05",5.76
"2017-09-06",5.74
"2017-09-07",5.73
"2017-09-08",5.7
"2017-09-09",5.66
"2017-09-10",5.65
"2017-09-11",5.65
"2017-09-12",5.66
"2017-09-13",5.65
"2017-09-14",3.61
"2017-09-15",5.64
"2017-09-16",5.6
"2017-09-17",5.56
"2017-09-18",5.55
"2017-09-19",5.55
"2017-09-20",5.7
"2017-09-21",3.88
"2017-09-22",6.35
"2017-09-23",6.8
"2017-09-24",7.18
"2017-09-25",7.39
"2017-09-26",7.41
"2017-09-27",7.4
"2017-09-28",5.24
"2017-09-29",7.38
"2017-09-30",7.36
"2017-10-01",7.39
"2017-10-02",7.38
"2017-10-03",7.35
"2017-10-04",7.35
"2017-10-05",7.36
"2017-10-06",7.35
"2017-10-07",7.3
"2017-10-08",7.29
"2017-10-09",7.31
"2017-10-10",7.32
"2017-10-11",7.33
"2017-10-12",7.34
"2017-10-13",7.35
"2017-10-14",7.35
"2017-10-15",7.35
"2017-10-16",7.34
"2017-10-17",7.31
"2017-10-18",7.28
"2017-10-19",5.22
"2017-10-20",7.21
"2017-10-21",7.18
"2017-10-22",7.17
"2017-10-23",7.16
"2017-10-24",7.14
"2017-10-25",7.12
"2017-10-26",2.42
"2017-10-27",2.42
"2017-10-28",7.12
"2017-10-29",7.12
"2017-10-30",2.42
"2017-10-31",7.12
"2017-11-01",7.06
"2017-11-02",7.09
"2017-11-03",7.09
"2017-11-04",7.09
"2017-11-05",7.08
"2017-11-06",7.07
"2017-11-07",7.06
"2017-11-08",7.05
"2017-11-09",7.02
"2017-11-10",7.04
"2017-11-11",7.01
"2017-11-12",7
"2017-11-13",6.98
"2017-11-14",6.97
"2017-11-15",6.95
"2017-11-16",6.95
"2017-11-17",6.95
"2017-11-18",6.93
"2017-11-19",6.91
"2017-11-20",6.9
"2017-11-21",6.89
"2017-11-22",6.88
"2017-11-23",6.58
"2017-11-24",6.58
"2017-11-25",6.58
"2017-11-26",6.57
"2017-11-27",6.57
"2017-11-28",6.85
"2017-11-29",6.84
"2017-11-30",6.83
"2017-12-01",6.82
"2017-12-02",6.82
"2017-12-03",6.81
"2017-12-04",6.81
"2017-12-05",6.81
"2017-12-06",6.79
"2017-12-07",6.78
"2017-12-08",6.78
"2017-12-09",6.77
"2017-12-10",6.76
"2017-12-11",6.76
"2017-12-12",6.77
"2017-12-13",6.77
"2017-12-14",4.84
"2017-12-15",6.77
"2017-12-16",6.76
"2017-12-17",6.77
"2017-12-18",6.76
"2017-12-19",6.76
"2017-12-20",6.75
"2017-12-21",6.74
"2017-12-22",6.74
"2017-12-23",6.75
"2017-12-24",6.74
"2017-12-25",6.73
"2017-12-26",6.72
"2017-12-27",6.71
"2017-12-28",6.7
"2017-12-29",6.68
"2017-12-30",6.66
"2017-12-31",6.65
"2018-01-01",6.62
"2018-01-02",6.61
"2018-01-03",6.59
"2018-01-04",4.24
"2018-01-05",6.12
"2018-01-06",6.09
"2018-01-07",6.5
"2018-01-08",6.48
"2018-01-09",6.46
"2018-01-10",6.44
"2018-01-11",6.42
"2018-01-12",6.4
"2018-01-13",6.37
"2018-01-14",6.35
"2018-01-15",6.33
"2018-01-16",6.31
"2018-01-17",6.29
"2018-01-18",6.27
"2018-01-19",6.25
"2018-01-20",6.23
"2018-01-21",6.21
"2018-01-22",6.2
"2018-01-23",6.18
"2018-01-24",6.16
"2018-01-25",4.28
"2018-01-26",6.12
"2018-01-27",6.11
"2018-01-28",6.09
"2018-01-29",6.07
"2018-01-30",6.05
"2018-01-31",6.04
"2018-02-01",6.02
"2018-02-02",6
"2018-02-03",5.98
"2018-02-04",5.97
"2018-02-05",5.95
"2018-02-06",5.93
"2018-02-07",5.91
"2018-02-08",4.05
"2018-02-09",5.86
"2018-02-10",5.84
"2018-02-11",5.81
"2018-02-12",5.8
"2018-02-13",5.78
"2018-02-14",5.77
"2018-02-15",5.75
"2018-02-16",5.73
"2018-02-17",5.71
"2018-02-18",5.69
"2018-02-19",5.67
"2018-02-20",5.66
"2018-02-21",5.63
"2018-02-22",3.78
"2018-02-23",5.59
"2018-02-24",5.57
"2018-02-25",5.54
"2018-02-26",5.53
"2018-02-27",5.51
"2018-02-28",5.48
"2018-03-01",3.64
"2018-03-02",5.44
"2018-03-03",5.42
"2018-03-04",5.4
"2018-03-05",5.38
"2018-03-06",5.35
"2018-03-07",5.33
"2018-03-08",5.3
"2018-03-09",5.28
"2018-03-10",5.26
"2018-03-11",5.24
"2018-03-12",5.21
"2018-03-13",5.19
"2018-03-14",5.17
"2018-03-15",5.15
"2018-03-16",5.12
"2018-03-17",5.09
"2018-03-18",5.28
"2018-03-19",5.04
"2018-03-20",5.02
"2018-03-21",5
"2018-03-22",4.97
"2018-03-23",4.95
"2018-03-24",4.92
"2018-03-25",4.9
"2018-03-26",4.87
"2018-03-27",4.85
"2018-03-28",3.04
"2018-03-29",3.02
"2018-03-30",4.77
"2018-03-31",4.74
"2018-04-01",4.71
"2018-04-02",4.69
"2018-04-03",4.66
"2018-04-04",4.64
"2018-04-05",4.6
"2018-04-06",4.57
"2018-04-07",4.54
"2018-04-08",3.93
"2018-04-09",4.49
"2018-04-10",4.46
"2018-04-11",4.44
"2018-04-12",4.41
"2018-04-13",4.39
"2018-04-14",4.37
"2018-04-15",4.33
"2018-04-16",4.31
"2018-04-17",4.27
"2018-04-18",4.23
"2018-04-19",4.2
"2018-04-20",4.16
"2018-04-21",4.11
"2018-04-22",4.08
"2018-04-23",4.04
"2018-04-24",4
"2018-04-25",3.96
"2018-04-26",2.23
"2018-04-27",3.88
"2018-04-28",3.83
"2018-04-29",3.79
"2018-04-30",3.77
"2018-05-01",3.74
"2018-05-02",3.72
"2018-05-03",3.7
"2018-05-04",3.68
"2018-05-05",3.65
"2018-05-06",3.63
"2018-05-07",3.6
"2018-05-08",3.58
"2018-05-09",3.56
"2018-05-10",3.54
"2018-05-11",3.52
"2018-05-12",3.5
"2018-05-13",3.48
"2018-05-14",3.46
"2018-05-15",3.45
"2018-05-16",3.43
"2018-05-17",3.41
"2018-05-18",3.4
"2018-05-19",3.38
"2018-05-20",3.36
"2018-05-21",3.35
"2018-05-22",1.76
"2018-05-23",3.32
"2018-05-24",1.73
"2018-05-25",3.27
"2018-05-26",3.24
"2018-05-27",3.21
"2018-05-28",3.19
"2018-05-29",3.16
"2018-05-30",3.13
"2018-05-31",3.12
"2018-06-01",3.1
"2018-06-02",3.07
"2018-06-03",3.06
"2018-06-04",3.04
"2018-06-05",3.02
"2018-06-06",3
"2018-06-07",2.97
"2018-06-08",2.96
"2018-06-09",2.94
"2018-06-10",2.93
"2018-06-11",2.92
"2018-06-12",2.91
"2018-06-13",2.91
"2018-06-14",2.92
"2018-06-15",2.9
"2018-06-16",2.88
"2018-06-17",2.86
"2018-06-18",2.84
"2018-06-19",2.82
"2018-06-20",2.8
"2018-06-21",2.77
"2018-06-22",2.76
"2018-06-23",2.74
"2018-06-24",2.71
"2018-06-25",2.68
"2018-06-26",2.65
"2018-06-27",1.09
"2018-06-28",1.06
"2018-06-29",2.62
"2018-06-30",2.6
"2018-07-01",2.57
"2018-07-02",2.57
"2018-07-03",2.56
"2018-07-04",2.56
"2018-07-05",2.55
"2018-07-06",2.55
"2018-07-07",2.53
"2018-07-08",2.51
"2018-07-09",2.5
"2018-07-10",2.49
"2018-07-11",2.48
"2018-07-12",2.48
"2018-07-13",2.5
"2018-07-14",2.54
"2018-07-15",2.6
"2018-07-16",2.69
"2018-07-17",2.83
"2018-07-18",2.99
"2018-07-19",3.3
"2018-07-20",3.61
"2018-07-21",3.87
"2018-07-22",4.21
"2018-07-23",4.68
"2018-07-24",5.07
"2018-07-25",4.77
"2018-07-26",4.36
"2018-07-27",4.16
"2018-07-28",4.17
"2018-07-29",4.19
"2018-07-30",4.27
"2018-07-31",4.32
"2018-08-01",4.38
"2018-08-02",2.23
"2018-08-03",4.55
"2018-08-04",4.64
"2018-08-05",4.68
"2018-08-06",4.68
"2018-08-07",4.7
"2018-08-08",4.79
"2018-08-09",4.87
"2018-08-10",4.82
"2018-08-11",4.79
"2018-08-12",4.85
"2018-08-13",4.99
"2018-08-14",5.21
"2018-08-15",3.01
"2018-08-16",3.15
"2018-08-17",5.58
"2018-08-18",5.79
"2018-08-19",5.93
"2018-08-20",6.1
"2018-08-21",6.27
"2018-08-22",6.46
"2018-08-23",4.09
"2018-08-24",6.59
"2018-08-25",6.72
"2018-08-26",6.79
"2018-08-27",6.81
"2018-08-28",6.86
"2018-08-29",6.79
"2018-08-30",6.97
"2018-08-31",7.07
"2018-09-01",7.16
"2018-09-02",7.22
"2018-09-03",7.43
"2018-09-04",7.39
"2018-09-05",7.34
"2018-09-06",7.38
"2018-09-07",7.53
"2018-09-08",7.76
"2018-09-09",7.75
"2018-09-10",7.76
"2018-09-11",7.8
"2018-09-12",7.84
"2018-09-13",7.86
"2018-09-14",7.58
"2018-09-15",7.68
"2018-09-16",7.66
"2018-09-17",7.66
"2018-09-18",7.67
"2018-09-19",7.72
"2018-09-20",7.83
"2018-09-21",7.8
"2018-09-22",7.76
"2018-09-23",7.77
"2018-09-24",7.83
"2018-09-25",7.95
"2018-09-26",8.05
"2018-09-27",8.08
"2018-09-28",8.07
"2018-09-29",8.07
"2018-09-30",8.06
"2018-10-01",8.05
"2018-10-02",8.01
"2018-10-03",7.97
"2018-10-04",7.93
"2018-10-05",7.82
"2018-10-06",7.83
"2018-10-07",7.77
"2018-10-08",7.71
"2018-10-09",7.67
"2018-10-10",7.6
"2018-10-11",7.54
"2018-10-12",7.5
"2018-10-13",7.45
"2018-10-14",7.41
"2018-10-15",7.37
"2018-10-16",7.36
"2018-10-17",7.33
"2018-10-18",5.08
"2018-10-19",7.22
"2018-10-20",7.19
"2018-10-21",7.16
"2018-10-22",7.14
"2018-10-23",7.1
"2018-10-24",7.16
"2018-10-25",7.01
"2018-10-26",7.02
"2018-10-27",6.96
"2018-10-28",6.94
"2018-10-29",6.93
"2018-10-30",0.62
"2018-10-31",6.93
"2018-11-01",2.62
"2018-11-02",2.62
"2018-11-03",2.62
"2018-11-04",6.85
"2018-11-05",6.85
"2018-11-06",2.63
"2018-11-07",6.85
"2018-11-08",0.62
"2018-11-09",2.63
"2018-11-10",6.85
"2018-11-11",6.85
"2018-11-12",6.75
"2018-11-13",2.62
"2018-11-14",6.74
"2018-11-15",6.71
"2018-11-16",2.62
"2018-11-17",6.69
"2018-11-18",2.61
"2018-11-19",6.69
"2018-11-20",0.62
"2018-11-21",6.67
"2018-11-22",4.68
"2018-11-23",2.07
"2018-11-24",2.07
"2018-11-25",2.07
"2018-11-26",6.59
"2018-11-27",6.06
"2018-11-28",6.59
"2018-11-29",2.59
"2018-11-30",2.06
"2018-12-01",
"2018-12-02",1.97
"2018-12-03",5.91
"2018-12-04",6.52
"2018-12-05",5.91
"2018-12-06",2.49
"2018-12-07",1.96
"2018-12-08",1.96
"2018-12-09",1.96
"2018-12-10",6.45
"2018-12-11",1.96
"2018-12-12",6.45
"2018-12-13",2.48
"2018-12-14",1.96
"2018-12-15",1.96
"2018-12-16",5.82
"2018-12-17",6.45
"2018-12-18",5.82
"2018-12-19",6.46
"2018-12-20",5.82
"2018-12-21",5.82
"2018-12-22",5.82
"2018-12-23",5.82
"2018-12-24",6.45
"2018-12-25",6.37
"2018-12-26",6.37
"2018-12-27",6.37
"2018-12-28",6.37
"2018-12-29",6.37
"2018-12-30",6.36
"2018-12-31",6.44
"2019-01-01",6.36
"2019-01-02",6.42
"2019-01-03",6.33
"2019-01-04",5.76
"2019-01-05",5.75
"2019-01-06",5.82
"2019-01-07",6.27
"2019-01-08",6.25
"2019-01-09",6.24
"2019-01-10",5.68
"2019-01-11",5.67
"2019-01-12",5.65
"2019-01-13",5.65
"2019-01-14",6.25
"2019-01-15",6.24
"2019-01-16",6.14
"2019-01-17",5.59
"2019-01-18",5.57
"2019-01-19",5.55
"2019-01-20",5.54
"2019-01-21",6.1
"2019-01-22",6.08
"2019-01-23",5.48
"2019-01-24",5.99
"2019-01-25",6.02
"2019-01-26",5.42
"2019-01-27",5.4
"2019-01-28",5.97
"2019-01-29",5.37
"2019-01-30",5.91
"2019-01-31",3.45
"2019-02-01",5.32
"2019-02-02",5.3
"2019-02-03",5.29
"2019-02-04",5.81
"2019-02-05",5.25
"2019-02-06",5.77
"2019-02-07",5.2
"2019-02-08",5.19
"2019-02-09",5.18
"2019-02-10",5.15
"2019-02-11",5.67
"2019-02-12",5.64
"2019-02-13",5.57
"2019-02-14",5.08
"2019-02-15",5.06
"2019-02-16",3.2
"2019-02-17",3.19
"2019-02-18",5.55
"2019-02-19",3.15
"2019-02-20",5.5
"2019-02-21",3.12
"2019-02-22",4.94
"2019-02-23",4.98
"2019-02-24",4.91
"2019-02-25",5.4
"2019-02-26",4.94
"2019-02-27",5.32
"2019-02-28",4.85
"2019-03-01",4.84
"2019-03-02",4.82
"2019-03-03",5.27
"2019-03-04",5.26
"2019-03-05",5.24
"2019-03-06",5.17
"2019-03-07",4.74
"2019-03-08",4.72
"2019-03-09",4.7
"2019-03-10",4.68
"2019-03-11",5.13
"2019-03-12",5.12
"2019-03-13",4.63
"2019-03-14",5.02
"2019-03-15",4.59
"2019-03-16",4.56
"2019-03-17",4.55
"2019-03-18",4.96
"2019-03-19",4.96
"2019-03-20",4.51
"2019-03-21",2.7
"2019-03-22",4.48
"2019-03-23",4.46
"2019-03-24",4.44
"2019-03-25",4.82
"2019-03-26",4.8
"2019-03-27",4.74
"2019-03-28",2.6
"2019-03-29",4.34
"2019-03-30",4.32
"2019-03-31",4.3
"2019-04-01",4.65
"2019-04-02",4.26
"2019-04-03",4.56
"2019-04-04",4.2
"2019-04-05",4.18
"2019-04-06",4.15
"2019-04-07",4.13
"2019-04-08",4.45
"2019-04-09",4.39
"2019-04-10",4.36
"2019-04-11",4.32
"2019-04-12",4.29
"2019-04-13",4.25
"2019-04-14",4.22
"2019-04-15",4.23
"2019-04-16",4.2
"2019-04-17",4.12
"2019-04-18",4.09
"2019-04-19",4.04
"2019-04-20",4.02
"2019-04-21",3.99
"2019-04-22",4.01
"2019-04-23",3.92
"2019-04-24",3.89
"2019-04-25",3.64
"2019-04-26",3.61
"2019-04-27",3.58
"2019-04-28",3.59
"2019-04-29",3.77
"2019-04-30",3.52
"2019-05-01",3.59
"2019-05-02",3.55
"2019-05-03",3.5
"2019-05-04",3.46
"2019-05-05",3.54
"2019-05-06",3.4
"2019-05-07",3.32
"2019-05-08",3.27
"2019-05-09",3.22
"2019-05-10",3.17
"2019-05-11",3.13
"2019-05-12",3.1
"2019-05-13",3.11
"2019-05-14",3.08
"2019-05-15",3.02
"2019-05-16",1.53
"2019-05-17",2.97
"2019-05-18",2.93
"2019-05-19",2.9
"2019-05-20",2.92
"2019-05-21",2.89
"2019-05-22",2.82
"2019-05-23",2.78
"2019-05-24",2.74
"2019-05-25",2.71
"2019-05-26",2.68
"2019-05-27",2.67
"2019-05-28",2.69
"2019-05-29",2.6
"2019-05-30",2.59
"2019-05-31",2.57
"2019-06-01",2.6
"2019-06-02",2.53
"2019-06-03",2.57
"2019-06-04",2.55
"2019-06-05",2.49
"2019-06-06",2.48
"2019-06-07",2.47
"2019-06-08",2.45
"2019-06-09",2.48
"2019-06-10",2.46
"2019-06-11",2.41
"2019-06-12",1
"2019-06-13",1
"2019-06-14",2.37
"2019-06-15",2.35
"2019-06-16",2.34
"2019-06-17",2.37
"2019-06-18",2.31
"2019-06-19",2.3
"2019-06-20",2.27
"2019-06-21",2.26
"2019-06-22",2.24
"2019-06-23",2.22
"2019-06-24",2.24
"2019-06-25",2.22
"2019-06-26",0.77
"2019-06-27",0.74
"2019-06-28",2.12
"2019-06-29",2.12
"2019-06-30",2.11
"2019-07-01",2.14
"2019-07-02",2.14
"2019-07-03",2.17
"2019-07-04",2.19
"2019-07-05",2.17
"2019-07-06",2.21
"2019-07-07",2.24
"2019-07-08",2.33
"2019-07-09",2.36
"2019-07-10",2.5
"2019-07-11",2.56
"2019-07-12",2.6
"2019-07-13",2.61
"2019-07-14",2.62
"2019-07-15",2.64
"2019-07-16",2.59
"2019-07-17",2.56
"2019-07-18",2.52
"2019-07-19",2.48
"2019-07-20",2.43
"2019-07-21",2.39
"2019-07-22",2.39
"2019-07-23",2.32
"2019-07-24",2.29
"2019-07-25",2.28
"2019-07-26",2.27
"2019-07-27",2.27
"2019-07-28",2.27
"2019-07-29",2.34
"2019-07-30",2.38
"2019-07-31",2.38
"2019-08-01",2.22
"2019-08-02",2.24
"2019-08-03",2.28
"2019-08-04",0.79
"2019-08-05",2.64
"2019-08-06",2.36
"2019-08-07",2.42
"2019-08-08",2.66
"2019-08-09",3.03
"2019-08-10",3.35
"2019-08-11",3.72
"2019-08-12",4.32
"2019-08-13",4.12
"2019-08-14",4.74
"2019-08-15",5.2
"2019-08-16",5.02
"2019-08-17",4.94
"2019-08-18",5.43
"2019-08-19",5.51
"2019-08-20",4.97
"2019-08-21",4.87
"2019-08-22",5.23
"2019-08-23",5.26
"2019-08-24",5.37
"2019-08-25",5.66
"2019-08-26",5.98
"2019-08-27",6.08
"2019-08-28",6.04
"2019-08-29",5.64
"2019-08-30",5.69
"2019-08-31",5.66
"2019-09-01",5.67
"2019-09-02",6.37
"2019-09-03",6.15
"2019-09-04",6.44
"2019-09-05",6.6
"2019-09-06",6.56
"2019-09-07",6.52
"2019-09-08",6.62
"2019-09-09",6.94
"2019-09-10",6.94
"2019-09-11",6.67
"2019-09-12",6.97
"2019-09-13",7.31
"2019-09-14",6.87
"2019-09-15",6.86
"2019-09-16",7.64
"2019-09-17",7.76
"2019-09-18",7.59
"2019-09-19",7.66
"2019-09-20",7.72
"2019-09-21",7.74
"2019-09-22",7.71
"2019-09-23",7.96
"2019-09-24",7.94
"2019-09-25",7.67
"2019-09-26",7.47
"2019-09-27",7.51
"2019-09-28",7.53
"2019-09-29",7.55
"2019-09-30",8.09
"2019-10-01",8.12
"2019-10-02",7.76
"2019-10-03",7.77
"2019-10-04",7.83
"2019-10-05",7.89
"2019-10-06",7.88
"2019-10-07",8.11
"2019-10-08",8.11
"2019-10-09",8.11
"2019-10-10",7.88
"2019-10-11",7.88
"2019-10-12",7.87
"2019-10-13",7.86
"2019-10-14",8.07
"2019-10-15",8.06
"2019-10-16",7.83
"2019-10-17",7.82
"2019-10-18",7.82
"2019-10-19",7.82
"2019-10-20",7.83
"2019-10-21",8.08
"2019-10-22",8.1
"2019-10-23",8.12
"2019-10-24",7.37
"2019-10-25",7.31
"2019-10-26",7.35
"2019-10-27",7.37
"2019-10-28",8.21
"2019-10-29",7.95
"2019-10-30",7.37
"2019-10-31",8.21
"2019-11-01",7.35
"2019-11-02",7.33
"2019-11-03",8.18
"2019-11-04",7.57
"2019-11-05",8.2
"2019-11-06",8.2
"2019-11-07",7.34
"2019-11-08",7.36
"2019-11-09",7.37
"2019-11-10",7.36
"2019-11-11",8.26
"2019-11-12",7.37
"2019-11-13",8.24
"2019-11-14",7.35
"2019-11-15",7.35
"2019-11-16",7.36
"2019-11-17",7.37
"2019-11-18",8.27
"2019-11-19",8.26
"2019-11-20",8.25
"2019-11-21",7.35
"2019-11-22",4.81
"2019-11-23",7.35
"2019-11-24",7.34
"2019-11-25",8.24
"2019-11-26",8.24
"2019-11-27",7.34
"2019-11-28",8.23
"2019-11-29",7.33
"2019-11-30",7.31
"2019-12-01",7.31
"2019-12-02",8.21
"2019-12-03",8.21
"2019-12-04",8.21
"2019-12-05",7.31
"2019-12-06",7.3
"2019-12-07",7.28
"2019-12-08",7.28
"2019-12-09",8.16
"2019-12-10",8.16
"2019-12-11",7.25
"2019-12-12",8.14
"2019-12-13",7.24
"2019-12-14",7.23
"2019-12-15",7.22
"2019-12-16",8.1
"2019-12-17",8.1
"2019-12-18",7.21
"2019-12-19",8.09
"2019-12-20",7.19
"2019-12-21",7.19
"2019-12-22",7.17
"2019-12-23",8.04
"2019-12-24",8.12
"2019-12-25",7.16
"2019-12-26",7.82
"2019-12-27",7.14
"2019-12-28",7.14
"2019-12-29",7.13
"2019-12-30",8
"2019-12-31",7.99